Dependency=ASHRAE IECC Climate Zone 2004	Dependency=Geometry Building Type RECS	Dependency=Heating Setpoint Has Offset	Dependency=HVAC Has Zonal Electric Heating	Option=0F	Option=3F	Option=6F	Option=12F	source_count	source_weight	fallback_count	fallback_weight
1A	Mobile Home	No	No	1	0	0	0	1	16405.8	256	978001
1A	Mobile Home	Yes	No	0	0.915674	0.0738632	0.0104627	0	0	13	127407
1A	Multi-Family with 2 - 4 Units	No	No	1	0	0	0	21	135484	21	135484
1A	Multi-Family with 2 - 4 Units	Yes	No	0	0.651225	0.283137	0.0656382	2	16373.1	66	905443
1A	Multi-Family with 5+ Units	No	No	1	0	0	0	92	715626	92	715626
1A	Multi-Family with 5+ Units	Yes	No	0	0.651225	0.283137	0.0656382	6	88751.7	66	905443
1A	Single-Family Attached	No	No	1	0	0	0	42	146241	42	146241
1A	Single-Family Attached	Yes	No	0	0.915674	0.0738632	0.0104627	3	27374.6	13	127407
1A	Single-Family Detached	No	No	1	0	0	0	213	815354	213	815354
1A	Single-Family Detached	Yes	No	0	0.96587	0.0208047	0.0133258	10	100033	10	100033
1A	Mobile Home	No	Yes	1	0	0	0	0	0	54	485401
1A	Mobile Home	Yes	Yes	0	0.599361	0.217245	0.183394	0	0	46	436736
1A	Multi-Family with 2 - 4 Units	No	Yes	1	0	0	0	0	0	25	328627
1A	Multi-Family with 2 - 4 Units	Yes	Yes	0	0.77356	0.22644	0	0	0	13	163388
1A	Multi-Family with 5+ Units	No	Yes	1	0	0	0	3	43333.8	25	328627
1A	Multi-Family with 5+ Units	Yes	Yes	0	0.77356	0.22644	0	0	0	13	163388
1A	Single-Family Attached	No	Yes	1	0	0	0	0	0	54	485401
1A	Single-Family Attached	Yes	Yes	0	0.599361	0.217245	0.183394	1	1275.11	46	436736
1A	Single-Family Detached	No	Yes	1	0	0	0	3	18450	54	485401
1A	Single-Family Detached	Yes	Yes	0	0.599361	0.217245	0.183394	3	25252.4	46	436736
2A	Mobile Home	No	No	1	0	0	0	54	645207	54	645207
2A	Mobile Home	Yes	No	0	0.761982	0.194838	0.04318	33	353778	33	353778
2A	Multi-Family with 2 - 4 Units	No	No	1	0	0	0	47	497501	47	497501
2A	Multi-Family with 2 - 4 Units	Yes	No	0	0.712428	0.203005	0.0845663	15	173839	15	173839
2A	Multi-Family with 5+ Units	No	No	1	0	0	0	104	1.52018e+06	104	1.52018e+06
2A	Multi-Family with 5+ Units	Yes	No	0	0.582243	0.346357	0.0714002	43	626479	43	626479
2A	Single-Family Attached	No	No	1	0	0	0	51	342293	51	342293
2A	Single-Family Attached	Yes	No	0	0.587137	0.28355	0.129314	36	188059	36	188059
2A	Single-Family Detached	No	No	1	0	0	0	577	5.44588e+06	577	5.44588e+06
2A	Single-Family Detached	Yes	No	0	0.770612	0.182937	0.0464512	371	3.34221e+06	371	3.34221e+06
2A	Mobile Home	No	Yes	1	0	0	0	11	110478	11	110478
2A	Mobile Home	Yes	Yes	0	0.540078	0.21738	0.242541	10	106911	10	106911
2A	Multi-Family with 2 - 4 Units	No	Yes	1	0	0	0	7	69153.8	22	285293
2A	Multi-Family with 2 - 4 Units	Yes	Yes	0	0.77356	0.22644	0	5	48186.2	13	163388
2A	Multi-Family with 5+ Units	No	Yes	1	0	0	0	15	216140	15	216140
2A	Multi-Family with 5+ Units	Yes	Yes	0	0.77356	0.22644	0	8	115202	13	163388
2A	Single-Family Attached	No	Yes	1	0	0	0	5	31900.9	51	466951
2A	Single-Family Attached	Yes	Yes	0	0.608146	0.20303	0.188825	1	10505.3	42	410209
2A	Single-Family Detached	No	Yes	1	0	0	0	35	324572	35	324572
2A	Single-Family Detached	Yes	Yes	0	0.61894	0.205074	0.175986	31	292793	31	292793
2B	Mobile Home	No	No	1	0	0	0	18	129321	18	129321
2B	Mobile Home	Yes	No	0	0.666182	0.246058	0.0877601	9	57273.3	146	722174
2B	Multi-Family with 2 - 4 Units	No	No	1	0	0	0	11	101192	11	101192
2B	Multi-Family with 2 - 4 Units	Yes	No	0	0.450067	0.384547	0.165386	3	30417.4	17	155764
2B	Multi-Family with 5+ Units	No	No	1	0	0	0	25	205482	25	205482
2B	Multi-Family with 5+ Units	Yes	No	0	0.47307	0.407622	0.119308	14	125347	14	125347
2B	Single-Family Attached	No	No	1	0	0	0	25	66439.1	25	66439.1
2B	Single-Family Attached	Yes	No	0	0.55442	0.314072	0.131509	14	37199	14	37199
2B	Single-Family Detached	No	No	1	0	0	0	176	938971	176	938971
2B	Single-Family Detached	Yes	No	0	0.688635	0.224512	0.0868537	123	627702	123	627702
2B	Mobile Home	No	Yes	1	0	0	0	3	26773.2	10	72592.2
2B	Mobile Home	Yes	Yes	0	0.338033	0.337046	0.324921	2	13737.7	26	250192
2B	Multi-Family with 2 - 4 Units	No	Yes	1	0	0	0	0	0	20	241475
2B	Multi-Family with 2 - 4 Units	Yes	Yes	0	0.576076	0.164767	0.259157	2	21950.8	39	565167
2B	Multi-Family with 5+ Units	No	Yes	1	0	0	0	6	45059.1	20	241475
2B	Multi-Family with 5+ Units	Yes	Yes	0	0.576076	0.164767	0.259157	2	18593.8	39	565167
2B	Single-Family Attached	No	Yes	1	0	0	0	0	0	10	72592.2
2B	Single-Family Attached	Yes	Yes	0	0.338033	0.337046	0.324921	1	2842.97	26	250192
2B	Single-Family Detached	No	Yes	1	0	0	0	7	45819	10	72592.2
2B	Single-Family Detached	Yes	Yes	0	0.338033	0.337046	0.324921	2	14121.7	26	250192
3A	Mobile Home	No	No	1	0	0	0	114	922612	114	922612
3A	Mobile Home	Yes	No	0	0.641582	0.158197	0.200221	57	418171	57	418171
3A	Multi-Family with 2 - 4 Units	No	No	1	0	0	0	59	456167	59	456167
3A	Multi-Family with 2 - 4 Units	Yes	No	0	0.384321	0.122219	0.49346	24	192280	24	192280
3A	Multi-Family with 5+ Units	No	No	1	0	0	0	92	1.0498e+06	92	1.0498e+06
3A	Multi-Family with 5+ Units	Yes	No	0	0.66237	0.189017	0.148613	68	801717	68	801717
3A	Single-Family Attached	No	No	1	0	0	0	84	366080	84	366080
3A	Single-Family Attached	Yes	No	0	0.810772	0.156657	0.0325704	57	281386	57	281386
3A	Single-Family Detached	No	No	1	0	0	0	834	5.95898e+06	834	5.95898e+06
3A	Single-Family Detached	Yes	No	0	0.725458	0.208209	0.0663329	637	4.3648e+06	637	4.3648e+06
3A	Mobile Home	No	Yes	1	0	0	0	10	81602.2	10	81602.2
3A	Mobile Home	Yes	Yes	0	0.380768	0.327662	0.29157	13	89192.8	13	89192.8
3A	Multi-Family with 2 - 4 Units	No	Yes	1	0	0	0	7	55843.8	24	242993
3A	Multi-Family with 2 - 4 Units	Yes	Yes	0	0.539822	0.1404	0.319778	5	49851.1	22	257254
3A	Multi-Family with 5+ Units	No	Yes	1	0	0	0	17	187149	17	187149
3A	Multi-Family with 5+ Units	Yes	Yes	0	0.529252	0.127628	0.34312	17	207403	17	207403
3A	Single-Family Attached	No	Yes	1	0	0	0	8	35357	49	344564
3A	Single-Family Attached	Yes	Yes	0	0.346366	0.275877	0.377756	0	0	39	291371
3A	Single-Family Detached	No	Yes	1	0	0	0	31	227605	31	227605
3A	Single-Family Detached	Yes	Yes	0	0.33119	0.253032	0.415778	26	202178	26	202178
3B	Mobile Home	No	No	1	0	0	0	28	287103	28	287103
3B	Mobile Home	Yes	No	0	0.367795	0.467607	0.164598	19	189707	19	189707
3B	Multi-Family with 2 - 4 Units	No	No	1	0	0	0	35	486504	35	486504
3B	Multi-Family with 2 - 4 Units	Yes	No	0	0.435815	0.293683	0.270502	19	275046	19	275046
3B	Multi-Family with 5+ Units	No	No	1	0	0	0	97	1.40912e+06	97	1.40912e+06
3B	Multi-Family with 5+ Units	Yes	No	0	0.520284	0.290161	0.189556	54	709504	54	709504
3B	Single-Family Attached	No	No	1	0	0	0	61	398095	61	398095
3B	Single-Family Attached	Yes	No	0	0.554632	0.302918	0.142451	50	307620	50	307620
3B	Single-Family Detached	No	No	1	0	0	0	326	3.09265e+06	326	3.09265e+06
3B	Single-Family Detached	Yes	No	0	0.490402	0.304956	0.204642	364	3.49318e+06	364	3.49318e+06
3B	Mobile Home	No	Yes	1	0	0	0	3	40492.2	21	220132
3B	Mobile Home	Yes	Yes	0	0.322728	0.349717	0.327554	2	19438.9	21	219490
3B	Multi-Family with 2 - 4 Units	No	Yes	1	0	0	0	5	68628.1	14	196416
3B	Multi-Family with 2 - 4 Units	Yes	Yes	0	0.561534	0.177501	0.260965	5	83088.9	35	524623
3B	Multi-Family with 5+ Units	No	Yes	1	0	0	0	9	127787	14	196416
3B	Multi-Family with 5+ Units	Yes	Yes	0	0.587111	0.18073	0.232158	30	441534	30	441534
3B	Single-Family Attached	No	Yes	1	0	0	0	4	31479.4	21	220132
3B	Single-Family Attached	Yes	Yes	0	0.322728	0.349717	0.327554	6	46022.5	21	219490
3B	Single-Family Detached	No	Yes	1	0	0	0	14	148160	14	148160
3B	Single-Family Detached	Yes	Yes	0	0.280086	0.36581	0.354104	13	154029	13	154029
3C	Mobile Home	No	No	1	0	0	0	2	17919.4	67	618456
3C	Mobile Home	Yes	No	0	0.375906	0.351665	0.272429	3	25900.9	145	1.37584e+06
3C	Multi-Family with 2 - 4 Units	No	No	1	0	0	0	13	189127	13	189127
3C	Multi-Family with 2 - 4 Units	Yes	No	0	0.349494	0.470065	0.180441	5	74083.7	22	310833
3C	Multi-Family with 5+ Units	No	No	1	0	0	0	15	213131	15	213131
3C	Multi-Family with 5+ Units	Yes	No	0	0.352363	0.410732	0.236905	17	236750	17	236750
3C	Single-Family Attached	No	No	1	0	0	0	15	95731.3	15	95731.3
3C	Single-Family Attached	Yes	No	0	0.443677	0.446642	0.10968	25	167845	25	167845
3C	Single-Family Detached	No	No	1	0	0	0	50	504805	50	504805
3C	Single-Family Detached	Yes	No	0	0.367168	0.338536	0.294296	117	1.1821e+06	117	1.1821e+06
3C	Mobile Home	No	Yes	1	0	0	0	1	9875.95	15	198023
3C	Mobile Home	Yes	Yes	0	0.176264	0.624555	0.199181	0	0	12	149034
3C	Multi-Family with 2 - 4 Units	No	Yes	1	0	0	0	1	13032.8	12	162628
3C	Multi-Family with 2 - 4 Units	Yes	Yes	0	0.176264	0.624555	0.199181	0	0	12	149034
3C	Multi-Family with 5+ Units	No	Yes	1	0	0	0	11	149596	11	149596
3C	Multi-Family with 5+ Units	Yes	Yes	0	0.176264	0.624555	0.199181	7	96565.4	12	149034
3C	Single-Family Attached	No	Yes	1	0	0	0	0	0	15	198023
3C	Single-Family Attached	Yes	Yes	0	0.176264	0.624555	0.199181	1	5531.17	12	149034
3C	Single-Family Detached	No	Yes	1	0	0	0	2	25518.4	15	198023
3C	Single-Family Detached	Yes	Yes	0	0.176264	0.624555	0.199181	4	46937.6	12	149034
4A	Mobile Home	No	No	1	0	0	0	122	800985	122	800985
4A	Mobile Home	Yes	No	0	0.603463	0.295164	0.101373	57	421452	57	421452
4A	Multi-Family with 2 - 4 Units	No	No	1	0	0	0	133	1.21831e+06	133	1.21831e+06
4A	Multi-Family with 2 - 4 Units	Yes	No	0	0.547293	0.270491	0.182216	92	811623	92	811623
4A	Multi-Family with 5+ Units	No	No	1	0	0	0	361	3.11317e+06	361	3.11317e+06
4A	Multi-Family with 5+ Units	Yes	No	0	0.610409	0.292483	0.0971079	214	1.74561e+06	214	1.74561e+06
4A	Single-Family Attached	No	No	1	0	0	0	260	1.19448e+06	260	1.19448e+06
4A	Single-Family Attached	Yes	No	0	0.677015	0.216361	0.106624	218	957411	218	957411
4A	Single-Family Detached	No	No	1	0	0	0	1305	7.78252e+06	1305	7.78252e+06
4A	Single-Family Detached	Yes	No	0	0.700477	0.244528	0.0549949	1069	6.45302e+06	1069	6.45302e+06
4A	Mobile Home	No	Yes	1	0	0	0	13	92908.9	13	92908.9
4A	Mobile Home	Yes	Yes	0	0.322363	0.299678	0.377959	11	59974.9	11	59974.9
4A	Multi-Family with 2 - 4 Units	No	Yes	1	0	0	0	15	149406	15	149406
4A	Multi-Family with 2 - 4 Units	Yes	Yes	0	0.522365	0.336754	0.140882	11	81855.2	11	81855.2
4A	Multi-Family with 5+ Units	No	Yes	1	0	0	0	63	563292	63	563292
4A	Multi-Family with 5+ Units	Yes	Yes	0	0.555679	0.289742	0.154579	51	406731	51	406731
4A	Single-Family Attached	No	Yes	1	0	0	0	16	87161.9	16	87161.9
4A	Single-Family Attached	Yes	Yes	0	0.557477	0.244394	0.19813	12	52947.7	12	52947.7
4A	Single-Family Detached	No	Yes	1	0	0	0	41	262605	41	262605
4A	Single-Family Detached	Yes	Yes	0	0.587639	0.29591	0.116451	31	164097	31	164097
4B	Mobile Home	No	No	1	0	0	0	7	50804.2	56	352333
4B	Mobile Home	Yes	No	0	0.57918	0.288427	0.132394	6	40617.8	71	401286
4B	Multi-Family with 2 - 4 Units	No	No	1	0	0	0	3	21713.3	60	495624
4B	Multi-Family with 2 - 4 Units	Yes	No	0	0.486535	0.303312	0.210153	4	29999.8	50	369473
4B	Multi-Family with 5+ Units	No	No	1	0	0	0	3	20472.3	60	495624
4B	Multi-Family with 5+ Units	Yes	No	0	0.486535	0.303312	0.210153	4	20608.9	50	369473
4B	Single-Family Attached	No	No	1	0	0	0	2	4506.62	56	352333
4B	Single-Family Attached	Yes	No	0	0.57918	0.288427	0.132394	3	10400.4	71	401286
4B	Single-Family Detached	No	No	1	0	0	0	47	297022	47	297022
4B	Single-Family Detached	Yes	No	0	0.553345	0.317653	0.129002	62	350267	62	350267
4B	Mobile Home	No	Yes	1	0	0	0	1	5318.1	19	75809.3
4B	Mobile Home	Yes	Yes	0	0.374037	0.340886	0.285077	0	0	17	80973.9
4B	Multi-Family with 2 - 4 Units	No	Yes	1	0	0	0	1	15535.4	18	143682
4B	Multi-Family with 2 - 4 Units	Yes	Yes	0	0.623927	0.197189	0.178885	0	0	21	171171
4B	Multi-Family with 5+ Units	No	Yes	1	0	0	0	0	0	18	143682
4B	Multi-Family with 5+ Units	Yes	Yes	0	0.623927	0.197189	0.178885	0	0	21	171171
4B	Single-Family Attached	No	Yes	1	0	0	0	0	0	19	75809.3
4B	Single-Family Attached	Yes	Yes	0	0.374037	0.340886	0.285077	0	0	17	80973.9
4B	Single-Family Detached	No	Yes	1	0	0	0	0	0	19	75809.3
4B	Single-Family Detached	Yes	Yes	0	0.374037	0.340886	0.285077	0	0	17	80973.9
4C	Mobile Home	No	No	1	0	0	0	10	61020.2	10	61020.2
4C	Mobile Home	Yes	No	0	0.422552	0.339714	0.237733	22	130190	22	130190
4C	Multi-Family with 2 - 4 Units	No	No	1	0	0	0	3	24490.4	25	200861
4C	Multi-Family with 2 - 4 Units	Yes	No	0	0.357069	0.328367	0.314565	1	5915.25	20	162041
4C	Multi-Family with 5+ Units	No	No	1	0	0	0	22	176370	22	176370
4C	Multi-Family with 5+ Units	Yes	No	0	0.370597	0.340808	0.288595	19	156126	19	156126
4C	Single-Family Attached	No	No	1	0	0	0	12	48262.8	12	48262.8
4C	Single-Family Attached	Yes	No	0	0.535487	0.301353	0.16316	11	35649.5	11	35649.5
4C	Single-Family Detached	No	No	1	0	0	0	116	645702	116	645702
4C	Single-Family Detached	Yes	No	0	0.531922	0.347281	0.120797	265	1.4772e+06	265	1.4772e+06
4C	Mobile Home	No	Yes	1	0	0	0	5	41827.8	28	169132
4C	Mobile Home	Yes	Yes	0	0.427029	0.382659	0.190312	9	61731.1	40	236551
4C	Multi-Family with 2 - 4 Units	No	Yes	1	0	0	0	10	102934	10	102934
4C	Multi-Family with 2 - 4 Units	Yes	Yes	0	0.459546	0.376469	0.163985	8	66689.2	43	352206
4C	Multi-Family with 5+ Units	No	Yes	1	0	0	0	31	254024	31	254024
4C	Multi-Family with 5+ Units	Yes	Yes	0	0.51331	0.309068	0.177621	35	285516	35	285516
4C	Single-Family Attached	No	Yes	1	0	0	0	5	17688.6	28	169132
4C	Single-Family Attached	Yes	Yes	0	0.427029	0.382659	0.190312	6	27652.7	40	236551
4C	Single-Family Detached	No	Yes	1	0	0	0	18	109615	18	109615
4C	Single-Family Detached	Yes	Yes	0	0.3526	0.43834	0.20906	25	147167	25	147167
5A	Mobile Home	No	No	1	0	0	0	64	476244	64	476244
5A	Mobile Home	Yes	No	0	0.521654	0.350292	0.128054	34	242469	34	242469
5A	Multi-Family with 2 - 4 Units	No	No	1	0	0	0	128	1.33225e+06	128	1.33225e+06
5A	Multi-Family with 2 - 4 Units	Yes	No	0	0.56962	0.331629	0.0987508	105	1.09033e+06	105	1.09033e+06
5A	Multi-Family with 5+ Units	No	No	1	0	0	0	211	2.00624e+06	211	2.00624e+06
5A	Multi-Family with 5+ Units	Yes	No	0	0.539839	0.332187	0.127974	146	1.33291e+06	146	1.33291e+06
5A	Single-Family Attached	No	No	1	0	0	0	187	875958	187	875958
5A	Single-Family Attached	Yes	No	0	0.659833	0.244318	0.0958485	191	754265	191	754265
5A	Single-Family Detached	No	No	1	0	0	0	1338	9.24983e+06	1338	9.24983e+06
5A	Single-Family Detached	Yes	No	0	0.65509	0.276109	0.0688007	1348	8.38034e+06	1348	8.38034e+06
5A	Mobile Home	No	Yes	1	0	0	0	3	26553.4	58	382513
5A	Mobile Home	Yes	Yes	0	0.446175	0.312887	0.240938	2	14821	38	184453
5A	Multi-Family with 2 - 4 Units	No	Yes	1	0	0	0	21	281504	21	281504
5A	Multi-Family with 2 - 4 Units	Yes	Yes	0	0.428691	0.28224	0.289069	15	162735	15	162735
5A	Multi-Family with 5+ Units	No	Yes	1	0	0	0	73	683944	73	683944
5A	Multi-Family with 5+ Units	Yes	Yes	0	0.56437	0.313505	0.122126	57	491816	57	491816
5A	Single-Family Attached	No	Yes	1	0	0	0	13	58544.4	13	58544.4
5A	Single-Family Attached	Yes	Yes	0	0.446175	0.312887	0.240938	5	14581.5	38	184453
5A	Single-Family Detached	No	Yes	1	0	0	0	42	297415	42	297415
5A	Single-Family Detached	Yes	Yes	0	0.474729	0.305313	0.219958	31	155051	31	155051
5B	Mobile Home	No	No	1	0	0	0	26	125183	26	125183
5B	Mobile Home	Yes	No	0	0.381924	0.279856	0.33822	31	130789	31	130789
5B	Multi-Family with 2 - 4 Units	No	No	1	0	0	0	9	92107.9	54	453439
5B	Multi-Family with 2 - 4 Units	Yes	No	0	0.521476	0.204113	0.27441	11	88747.9	11	88747.9
5B	Multi-Family with 5+ Units	No	No	1	0	0	0	45	361331	45	361331
5B	Multi-Family with 5+ Units	Yes	No	0	0.487468	0.338589	0.173943	31	230117	31	230117
5B	Single-Family Attached	No	No	1	0	0	0	34	135840	34	135840
5B	Single-Family Attached	Yes	No	0	0.466166	0.334446	0.199388	37	126979	37	126979
5B	Single-Family Detached	No	No	1	0	0	0	251	1.22096e+06	251	1.22096e+06
5B	Single-Family Detached	Yes	No	0	0.498021	0.384426	0.117553	439	2.05351e+06	439	2.05351e+06
5B	Mobile Home	No	Yes	1	0	0	0	5	18945.2	18	70491.2
5B	Mobile Home	Yes	Yes	0	0.374037	0.340886	0.285077	3	17388.5	17	80973.9
5B	Multi-Family with 2 - 4 Units	No	Yes	1	0	0	0	4	24292.9	17	128147
5B	Multi-Family with 2 - 4 Units	Yes	Yes	0	0.623927	0.197189	0.178885	3	14510.2	21	171171
5B	Multi-Family with 5+ Units	No	Yes	1	0	0	0	13	103854	13	103854
5B	Multi-Family with 5+ Units	Yes	Yes	0	0.654383	0.18593	0.159686	18	156661	18	156661
5B	Single-Family Attached	No	Yes	1	0	0	0	2	6000.88	18	70491.2
5B	Single-Family Attached	Yes	Yes	0	0.374037	0.340886	0.285077	1	4854.43	17	80973.9
5B	Single-Family Detached	No	Yes	1	0	0	0	11	45545.1	11	45545.1
5B	Single-Family Detached	Yes	Yes	0	0.335332	0.469988	0.194681	13	58731	13	58731
6A	Mobile Home	No	No	1	0	0	0	47	207090	47	207090
6A	Mobile Home	Yes	No	0	0.397926	0.466841	0.135233	36	113713	36	113713
6A	Multi-Family with 2 - 4 Units	No	No	1	0	0	0	37	211869	37	211869
6A	Multi-Family with 2 - 4 Units	Yes	No	0	0.5649	0.386361	0.0487392	38	196936	38	196936
6A	Multi-Family with 5+ Units	No	No	1	0	0	0	84	535250	84	535250
6A	Multi-Family with 5+ Units	Yes	No	0	0.516076	0.321857	0.162067	50	326675	50	326675
6A	Single-Family Attached	No	No	1	0	0	0	76	212302	76	212302
6A	Single-Family Attached	Yes	No	0	0.774563	0.215765	0.00967218	47	113432	47	113432
6A	Single-Family Detached	No	No	1	0	0	0	562	2.49594e+06	562	2.49594e+06
6A	Single-Family Detached	Yes	No	0	0.645128	0.286634	0.0682388	581	2.47289e+06	581	2.47289e+06
6A	Mobile Home	No	Yes	1	0	0	0	0	0	26	94999.2
6A	Mobile Home	Yes	Yes	0	0.324651	0.587982	0.087367	0	0	15	58918.9
6A	Multi-Family with 2 - 4 Units	No	Yes	1	0	0	0	10	70837.4	10	70837.4
6A	Multi-Family with 2 - 4 Units	Yes	Yes	0	0.578208	0.296609	0.125182	6	46680.7	21	147686
6A	Multi-Family with 5+ Units	No	Yes	1	0	0	0	24	140604	24	140604
6A	Multi-Family with 5+ Units	Yes	Yes	0	0.709324	0.186505	0.104171	15	101006	15	101006
6A	Single-Family Attached	No	Yes	1	0	0	0	4	4586.06	26	94999.2
6A	Single-Family Attached	Yes	Yes	0	0.324651	0.587982	0.087367	2	1956.31	15	58918.9
6A	Single-Family Detached	No	Yes	1	0	0	0	22	90413.1	22	90413.1
6A	Single-Family Detached	Yes	Yes	0	0.326593	0.58304	0.0903675	13	56962.6	13	56962.6
6B	Mobile Home	No	No	1	0	0	0	19	42460.2	19	42460.2
6B	Mobile Home	Yes	No	0	0.40364	0.498225	0.0981347	21	42543.7	21	42543.7
6B	Multi-Family with 2 - 4 Units	No	No	1	0	0	0	7	28599.3	19	79746.8
6B	Multi-Family with 2 - 4 Units	Yes	No	0	0.718059	0.281941	0	3	19161	10	39640.9
6B	Multi-Family with 5+ Units	No	No	1	0	0	0	12	51147.5	12	51147.5
6B	Multi-Family with 5+ Units	Yes	No	0	0.718059	0.281941	0	7	20479.9	10	39640.9
6B	Single-Family Attached	No	No	1	0	0	0	17	23609.4	17	23609.4
6B	Single-Family Attached	Yes	No	0	0.789679	0.210321	0	12	25811.8	12	25811.8
6B	Single-Family Detached	No	No	1	0	0	0	138	276915	138	276915
6B	Single-Family Detached	Yes	No	0	0.556362	0.375745	0.0678933	171	347000	171	347000
6B	Mobile Home	No	Yes	1	0	0	0	0	0	12	23578.7
6B	Mobile Home	Yes	Yes	0	0.625621	0.129288	0.245091	2	2420.04	13	21648.5
6B	Multi-Family with 2 - 4 Units	No	Yes	1	0	0	0	2	6644.02	11	32292.7
6B	Multi-Family with 2 - 4 Units	Yes	Yes	0	0.535777	0.349533	0.11469	3	13044	20	46262.7
6B	Multi-Family with 5+ Units	No	Yes	1	0	0	0	9	25648.7	11	32292.7
6B	Multi-Family with 5+ Units	Yes	Yes	0	0.535777	0.349533	0.11469	3	10536.8	20	46262.7
6B	Single-Family Attached	No	Yes	1	0	0	0	3	3840.76	12	23578.7
6B	Single-Family Attached	Yes	Yes	0	0.625621	0.129288	0.245091	2	2682.67	13	21648.5
6B	Single-Family Detached	No	Yes	1	0	0	0	9	19738	12	23578.7
6B	Single-Family Detached	Yes	Yes	0	0.625621	0.129288	0.245091	9	16545.8	13	21648.5
7A	Mobile Home	No	No	1	0	0	0	7	23716.5	109	338506
7A	Mobile Home	Yes	No	0	0.54588	0.393109	0.061011	6	7925.77	112	270525
7A	Multi-Family with 2 - 4 Units	No	No	1	0	0	0	7	29641.9	27	90028.4
7A	Multi-Family with 2 - 4 Units	Yes	No	0	0.388953	0.224589	0.386457	2	8449.64	15	36596.3
7A	Multi-Family with 5+ Units	No	No	1	0	0	0	20	60386.5	20	60386.5
7A	Multi-Family with 5+ Units	Yes	No	0	0.205517	0.292011	0.502472	13	28146.7	13	28146.7
7A	Single-Family Attached	No	No	1	0	0	0	12	10428	12	10428
7A	Single-Family Attached	Yes	No	0	0.764273	0	0.235727	14	17157.1	14	17157.1
7A	Single-Family Detached	No	No	1	0	0	0	90	304362	90	304362
7A	Single-Family Detached	Yes	No	0	0.535896	0.413336	0.050768	92	245442	92	245442
7A	Mobile Home	No	Yes	1	0	0	0	0	0	11	14499.3
7A	Mobile Home	Yes	Yes	0	0.425852	0.499873	0.074275	0	0	20	69304.2
7A	Multi-Family with 2 - 4 Units	No	Yes	1	0	0	0	4	15089	19	47223.7
7A	Multi-Family with 2 - 4 Units	Yes	Yes	0	0.561523	0.438477	0	1	7263.98	10	19835.4
7A	Multi-Family with 5+ Units	No	Yes	1	0	0	0	15	32134.7	15	32134.7
7A	Multi-Family with 5+ Units	Yes	Yes	0	0.561523	0.438477	0	9	12571.4	10	19835.4
7A	Single-Family Attached	No	Yes	1	0	0	0	4	2470.83	11	14499.3
7A	Single-Family Attached	Yes	Yes	0	0.425852	0.499873	0.074275	0	0	20	69304.2
7A	Single-Family Detached	No	Yes	1	0	0	0	7	12028.5	11	14499.3
7A	Single-Family Detached	Yes	Yes	0	0.425852	0.499873	0.074275	5	10385.3	20	69304.2
7AK	Mobile Home	No	No	1	0	0	0	7	6603.57	99	76070.3
7AK	Mobile Home	Yes	No	0	0.599159	0.30787	0.092971	4	3957.93	104	76541.1
7AK	Multi-Family with 2 - 4 Units	No	No	1	0	0	0	13	14364	13	14364
7AK	Multi-Family with 2 - 4 Units	Yes	No	0	0.658992	0.258555	0.0824537	4	4031.47	10	10898.1
7AK	Multi-Family with 5+ Units	No	No	1	0	0	0	12	12586.8	12	12586.8
7AK	Multi-Family with 5+ Units	Yes	No	0	0.658992	0.258555	0.0824537	5	5777.73	10	10898.1
7AK	Single-Family Attached	No	No	1	0	0	0	14	7650.96	14	7650.96
7AK	Single-Family Attached	Yes	No	0	0.590758	0.372368	0.0368747	24	12937.5	24	12937.5
7AK	Single-Family Detached	No	No	1	0	0	0	78	61815.7	78	61815.7
7AK	Single-Family Detached	Yes	No	0	0.603464	0.300849	0.0956878	76	59645.6	76	59645.6
7AK	Mobile Home	No	Yes	1	0	0	0	0	0	20	19846.1
7AK	Mobile Home	Yes	Yes	0	0.599009	0.261893	0.139099	0	0	4	3449.09
7AK	Multi-Family with 2 - 4 Units	No	Yes	1	0	0	0	3	3291.6	12	13886.5
7AK	Multi-Family with 2 - 4 Units	Yes	Yes	0	0.599009	0.261893	0.139099	2	1890.55	4	3449.09
7AK	Multi-Family with 5+ Units	No	Yes	1	0	0	0	9	10594.9	12	13886.5
7AK	Multi-Family with 5+ Units	Yes	Yes	0	0.599009	0.261893	0.139099	1	1078.77	4	3449.09
7AK	Single-Family Attached	No	Yes	1	0	0	0	2	1145.67	20	19846.1
7AK	Single-Family Attached	Yes	Yes	0	0.599009	0.261893	0.139099	1	479.764	4	3449.09
7AK	Single-Family Detached	No	Yes	1	0	0	0	2	1935	20	19846.1
7AK	Single-Family Detached	Yes	Yes	0	0.599009	0.261893	0.139099	0	0	4	3449.09
7B	Mobile Home	No	No	1	0	0	0	0	0	176	358002
7B	Mobile Home	Yes	No	0	0.554512	0.379038	0.0664501	0	0	206	417366
7B	Multi-Family with 2 - 4 Units	No	No	1	0	0	0	0	0	19	79746.8
7B	Multi-Family with 2 - 4 Units	Yes	No	0	0.770882	0.229118	0	1	9139.16	11	48780.1
7B	Multi-Family with 5+ Units	No	No	1	0	0	0	0	0	19	79746.8
7B	Multi-Family with 5+ Units	Yes	No	0	0.770882	0.229118	0	0	0	11	48780.1
7B	Single-Family Attached	No	No	1	0	0	0	0	0	176	358002
7B	Single-Family Attached	Yes	No	0	0.554512	0.379038	0.0664501	1	821.043	206	417366
7B	Single-Family Detached	No	No	1	0	0	0	2	15017.6	176	358002
7B	Single-Family Detached	Yes	No	0	0.554512	0.379038	0.0664501	1	1189.1	206	417366
7B	Mobile Home	No	Yes	1	0	0	0	0	0	13	24607.3
7B	Mobile Home	Yes	Yes	0	0.642678	0.123398	0.233924	0	0	14	22681.9
7B	Multi-Family with 2 - 4 Units	No	Yes	1	0	0	0	0	0	11	32292.7
7B	Multi-Family with 2 - 4 Units	Yes	Yes	0	0.535777	0.349533	0.11469	0	0	20	46262.7
7B	Multi-Family with 5+ Units	No	Yes	1	0	0	0	0	0	11	32292.7
7B	Multi-Family with 5+ Units	Yes	Yes	0	0.535777	0.349533	0.11469	0	0	20	46262.7
7B	Single-Family Attached	No	Yes	1	0	0	0	1	1028.56	13	24607.3
7B	Single-Family Attached	Yes	Yes	0	0.642678	0.123398	0.233924	0	0	14	22681.9
7B	Single-Family Detached	No	Yes	1	0	0	0	0	0	13	24607.3
7B	Single-Family Detached	Yes	Yes	0	0.642678	0.123398	0.233924	1	1033.39	14	22681.9
8AK	Mobile Home	No	No	1	0	0	0	1	944.437	26	23137.5
8AK	Mobile Home	Yes	No	0	0.361358	0.515108	0.123534	0	0	20	17035.4
8AK	Multi-Family with 2 - 4 Units	No	No	1	0	0	0	1	1078.84	28	30215.4
8AK	Multi-Family with 2 - 4 Units	Yes	No	0	0.658992	0.258555	0.0824537	1	1088.91	10	10898.1
8AK	Multi-Family with 5+ Units	No	No	1	0	0	0	2	2185.89	28	30215.4
8AK	Multi-Family with 5+ Units	Yes	No	0	0.658992	0.258555	0.0824537	0	0	10	10898.1
8AK	Single-Family Attached	No	No	1	0	0	0	5	3156.59	26	23137.5
8AK	Single-Family Attached	Yes	No	0	0.361358	0.515108	0.123534	2	1202.34	20	17035.4
8AK	Single-Family Detached	No	No	1	0	0	0	20	19036.4	20	19036.4
8AK	Single-Family Detached	Yes	No	0	0.388799	0.478286	0.132915	18	15833.1	18	15833.1
8AK	Mobile Home	No	Yes	1	0	0	0	0	0	20	19846.1
8AK	Mobile Home	Yes	Yes	0	0.599009	0.261893	0.139099	0	0	4	3449.09
8AK	Multi-Family with 2 - 4 Units	No	Yes	1	0	0	0	0	0	12	13886.5
8AK	Multi-Family with 2 - 4 Units	Yes	Yes	0	0.599009	0.261893	0.139099	0	0	4	3449.09
8AK	Multi-Family with 5+ Units	No	Yes	1	0	0	0	0	0	12	13886.5
8AK	Multi-Family with 5+ Units	Yes	Yes	0	0.599009	0.261893	0.139099	0	0	4	3449.09
8AK	Single-Family Attached	No	Yes	1	0	0	0	3	2016.16	20	19846.1
8AK	Single-Family Attached	Yes	Yes	0	0.599009	0.261893	0.139099	0	0	4	3449.09
8AK	Single-Family Detached	No	Yes	1	0	0	0	1	862.757	20	19846.1
8AK	Single-Family Detached	Yes	Yes	0	0.599009	0.261893	0.139099	0	0	4	3449.09
# Created by: sources\recs\recs2020\tsv_maker.py
# Description: Magnitude of the heating setpoint offset.
# Source: Constructed using U.S. EIA 2020 Residential Energy Consumption Survey (RECS) microdata.
# Assumption: For dependency conditions with low samples, the following lumpings are used in progressive order until there are enough samples: 1) lumping buildings into Single-Family and Multi-Family only,  2) lumping buildings into Single-Family and Multi-Family only and lumping nearby climate zones within  A/B regions and separately 7AK and 8AK 3) lumping all building types together and lumping climate zones within A/B regions and separately 7AK and 8AK