Dependency=Geometry Building Type RECS	Dependency=State	Dependency=Vintage ACS	Option=No	Option=Yes	source_count	source_weight	fallback_count	fallback_weight
Mobile Home	AK	1940-59	0	1	1	802.902	7	38257
Mobile Home	AK	1960-79	0	1	8	7510.05	51	432940
Mobile Home	AK	1980-99	0	1	1	1281.42	34	267578
Mobile Home	AK	2000-09	0	1	0	0	15	88678.4
Mobile Home	AK	2010s	0	1	2	1911.57	15	88678.4
Mobile Home	AK	<1940	0	1	0	0	7	38257
Multi-Family with 2 - 4 Units	AK	1940-59	0.359452	0.640548	2	1444.59	30	318555
Multi-Family with 2 - 4 Units	AK	1960-79	0.459186	0.540814	8	8497.92	43	473817
Multi-Family with 2 - 4 Units	AK	1980-99	0.726744	0.273256	11	11996.1	11	11996.1
Multi-Family with 2 - 4 Units	AK	2000-09	0.238482	0.761518	1	1113.17	13	111284
Multi-Family with 2 - 4 Units	AK	2010s	0.238482	0.761518	2	1950.72	13	111284
Multi-Family with 2 - 4 Units	AK	<1940	0.359452	0.640548	1	742.807	30	318555
Multi-Family with 5+ Units	AK	1940-59	0.697051	0.302949	5	5469.04	60	776211
Multi-Family with 5+ Units	AK	1960-79	0.762556	0.237444	11	12745.9	11	12745.9
Multi-Family with 5+ Units	AK	1980-99	0.549252	0.450748	7	8240.47	101	1.11422e+06
Multi-Family with 5+ Units	AK	2000-09	0.570937	0.429063	3	3009.14	119	1.05325e+06
Multi-Family with 5+ Units	AK	2010s	0.570937	0.429063	3	2759.56	119	1.05325e+06
Multi-Family with 5+ Units	AK	<1940	0.697051	0.302949	0	0	60	776211
Single-Family Attached	AK	1940-59	0.106425	0.893575	1	608.423	25	158347
Single-Family Attached	AK	1960-79	0.0891522	0.910848	15	8168.55	15	8168.55
Single-Family Attached	AK	1980-99	0.0188239	0.981176	21	12112.4	21	12112.4
Single-Family Attached	AK	2000-09	0	1	8	4119.56	14	7699.69
Single-Family Attached	AK	2010s	0	1	6	3580.14	14	7699.69
Single-Family Attached	AK	<1940	0.106425	0.893575	0	0	25	158347
Single-Family Detached	AK	1940-59	0	1	15	8172.53	15	8172.53
Single-Family Detached	AK	1960-79	0	1	47	39599.8	47	39599.8
Single-Family Detached	AK	1980-99	0	1	70	59013.7	70	59013.7
Single-Family Detached	AK	2000-09	0	1	45	34162.7	45	34162.7
Single-Family Detached	AK	2010s	0	1	18	12212.1	18	12212.1
Single-Family Detached	AK	<1940	0	1	8	5967.9	15	14140.4
Mobile Home	AL	1940-59	0	1	2	22255.4	14	139366
Mobile Home	AL	1960-79	0	1	7	57236.3	26	151856
Mobile Home	AL	1980-99	0	1	13	106697	13	106697
Mobile Home	AL	2000-09	0	1	9	53523.1	30	133689
Mobile Home	AL	2010s	0	1	2	15759.6	12	68886
Mobile Home	AL	<1940	0	1	0	0	14	139366
Multi-Family with 2 - 4 Units	AL	1940-59	0.425913	0.574087	1	1970.24	45	274727
Multi-Family with 2 - 4 Units	AL	1960-79	0.429767	0.570233	4	37643.4	19	128286
Multi-Family with 2 - 4 Units	AL	1980-99	0.0375997	0.9624	5	50642.7	19	131448
Multi-Family with 2 - 4 Units	AL	2000-09	0.166533	0.833467	7	46125.1	11	68078.1
Multi-Family with 2 - 4 Units	AL	2010s	0.374415	0.625585	1	11086.2	18	113189
Multi-Family with 2 - 4 Units	AL	<1940	0.425913	0.574087	1	5091.56	45	274727
Multi-Family with 5+ Units	AL	1940-59	0.584911	0.415089	1	2680.26	92	543687
Multi-Family with 5+ Units	AL	1960-79	0.351074	0.648926	2	20476.2	26	208133
Multi-Family with 5+ Units	AL	1980-99	0.232365	0.767635	6	75473.1	32	299856
Multi-Family with 5+ Units	AL	2000-09	0.179096	0.820904	1	8922.2	19	119460
Multi-Family with 5+ Units	AL	2010s	0.403023	0.596977	3	35885.7	21	159504
Multi-Family with 5+ Units	AL	<1940	0.584911	0.415089	1	6926.4	92	543687
Single-Family Attached	AL	1940-59	0.0380286	0.961971	0	0	108	355335
Single-Family Attached	AL	1960-79	0.0324798	0.96752	1	4043.15	19	39788.8
Single-Family Attached	AL	1980-99	0.0139128	0.986087	8	26687.2	35	81759.5
Single-Family Attached	AL	2000-09	0	1	1	2704.34	15	27328
Single-Family Attached	AL	2010s	0	1	1	3161.78	15	29245.3
Single-Family Attached	AL	<1940	0.0380286	0.961971	0	0	108	355335
Single-Family Detached	AL	1940-59	0	1	40	196084	40	196084
Single-Family Detached	AL	1960-79	0	1	44	365380	44	365380
Single-Family Detached	AL	1980-99	0	1	36	311159	36	311159
Single-Family Detached	AL	2000-09	0	1	29	164347	29	164347
Single-Family Detached	AL	2010s	0	1	18	140052	18	140052
Single-Family Detached	AL	<1940	0	1	25	128393	25	128393
Mobile Home	AR	1940-59	0	1	0	0	14	139366
Mobile Home	AR	1960-79	0	1	6	27828	21	148279
Mobile Home	AR	1980-99	0	1	12	59027.1	12	59027.1
Mobile Home	AR	2000-09	0	1	4	24083.7	27	202184
Mobile Home	AR	2010s	0	1	2	11364.6	21	199978
Mobile Home	AR	<1940	0	1	0	0	14	139366
Multi-Family with 2 - 4 Units	AR	1940-59	0.425913	0.574087	1	6522.82	45	274727
Multi-Family with 2 - 4 Units	AR	1960-79	0.343127	0.656873	3	15686.9	21	200201
Multi-Family with 2 - 4 Units	AR	1980-99	0.423997	0.576003	1	6060.71	38	379772
Multi-Family with 2 - 4 Units	AR	2000-09	0.523685	0.476315	2	6579.23	14	117748
Multi-Family with 2 - 4 Units	AR	2010s	0.560094	0.439906	1	3598.3	20	159410
Multi-Family with 2 - 4 Units	AR	<1940	0.425913	0.574087	0	0	45	274727
Multi-Family with 5+ Units	AR	1940-59	0.456766	0.543234	1	9156.15	13	86387.1
Multi-Family with 5+ Units	AR	1960-79	0.481439	0.518561	5	34781.7	42	555289
Multi-Family with 5+ Units	AR	1980-99	0.517579	0.482421	5	41088.7	58	804857
Multi-Family with 5+ Units	AR	2000-09	0.247848	0.752152	2	17219	34	422679
Multi-Family with 5+ Units	AR	2010s	0.337781	0.662219	1	7155.68	42	556097
Multi-Family with 5+ Units	AR	<1940	0.599659	0.400341	0	0	13	145537
Single-Family Attached	AR	1940-59	0.0730889	0.926911	1	2879.62	18	43713.3
Single-Family Attached	AR	1960-79	0	1	3	7754.36	24	94274.9
Single-Family Attached	AR	1980-99	0	1	5	9471.39	26	85423.5
Single-Family Attached	AR	2000-09	0.0559082	0.944092	4	9454.62	19	66795.7
Single-Family Attached	AR	2010s	0.0559082	0.944092	2	5349.8	13	46828.6
Single-Family Attached	AR	<1940	0.0620885	0.937912	0	0	10	27220
Single-Family Detached	AR	1940-59	0	1	36	89065.6	36	89065.6
Single-Family Detached	AR	1960-79	0	1	65	275345	65	275345
Single-Family Detached	AR	1980-99	0	1	54	215941	54	215941
Single-Family Detached	AR	2000-09	0	1	32	111016	32	111016
Single-Family Detached	AR	2010s	0	1	20	67771.9	20	67771.9
Single-Family Detached	AR	<1940	0	1	24	79430.5	24	79430.5
Mobile Home	AZ	1940-59	0	1	1	8835.86	7	38257
Mobile Home	AZ	1960-79	0	1	10	64162.5	10	64162.5
Mobile Home	AZ	1980-99	0	1	18	118929	18	118929
Mobile Home	AZ	2000-09	0	1	5	26026.7	10	50661.8
Mobile Home	AZ	2010s	0	1	4	22169.6	15	76967.5
Mobile Home	AZ	<1940	0	1	0	0	7	38257
Multi-Family with 2 - 4 Units	AZ	1940-59	0.371776	0.628224	1	9536.69	39	378787
Multi-Family with 2 - 4 Units	AZ	1960-79	0.0879832	0.912017	6	51449	10	78448
Multi-Family with 2 - 4 Units	AZ	1980-99	0.384655	0.615345	6	57863.2	15	127151
Multi-Family with 2 - 4 Units	AZ	2000-09	0.324073	0.675927	0	0	26	194504
Multi-Family with 2 - 4 Units	AZ	2010s	0.324073	0.675927	1	6423.49	26	194504
Multi-Family with 2 - 4 Units	AZ	<1940	0.371776	0.628224	0	0	39	378787
Multi-Family with 5+ Units	AZ	1940-59	0.679583	0.320417	3	20202.6	72	866832
Multi-Family with 5+ Units	AZ	1960-79	0.312762	0.687238	17	144649	17	144649
Multi-Family with 5+ Units	AZ	1980-99	0.232009	0.767991	17	135414	17	135414
Multi-Family with 5+ Units	AZ	2000-09	0.28544	0.71456	10	80475.2	10	80475.2
Multi-Family with 5+ Units	AZ	2010s	0.269144	0.730856	1	6772.42	29	211883
Multi-Family with 5+ Units	AZ	<1940	0.679583	0.320417	1	6793.9	72	866832
Single-Family Attached	AZ	1940-59	0.100753	0.899247	3	8111.04	40	214020
Single-Family Attached	AZ	1960-79	0	1	11	24959.1	11	24959.1
Single-Family Attached	AZ	1980-99	0.0370574	0.962943	12	37483	12	37483
Single-Family Attached	AZ	2000-09	0	1	12	32419.5	12	32419.5
Single-Family Attached	AZ	2010s	0	1	5	11213.3	29	71594.9
Single-Family Attached	AZ	<1940	0.100753	0.899247	1	2109.39	40	214020
Single-Family Detached	AZ	1940-59	0	1	26	117405	26	117405
Single-Family Detached	AZ	1960-79	0	1	73	354826	73	354826
Single-Family Detached	AZ	1980-99	0	1	117	633993	117	633993
Single-Family Detached	AZ	2000-09	0	1	93	452318	93	452318
Single-Family Detached	AZ	2010s	0	1	43	189498	43	189498
Single-Family Detached	AZ	<1940	0	1	12	51569.6	12	51569.6
Mobile Home	CA	1940-59	0	1	0	0	7	38257
Mobile Home	CA	1960-79	0	1	24	291400	24	291400
Mobile Home	CA	1980-99	0	1	10	129096	10	129096
Mobile Home	CA	2000-09	0	1	3	29427.4	10	67547
Mobile Home	CA	2010s	0	1	1	8686.62	13	86766.8
Mobile Home	CA	<1940	0	1	0	0	7	38257
Multi-Family with 2 - 4 Units	CA	1940-59	0.501295	0.498705	18	160727	18	160727
Multi-Family with 2 - 4 Units	CA	1960-79	0.495581	0.504419	27	415418	27	415418
Multi-Family with 2 - 4 Units	CA	1980-99	0.438874	0.561126	19	329750	19	329750
Multi-Family with 2 - 4 Units	CA	2000-09	0.238482	0.761518	3	39148.8	13	111284
Multi-Family with 2 - 4 Units	CA	2010s	0.238482	0.761518	3	40167.8	13	111284
Multi-Family with 2 - 4 Units	CA	<1940	0	1	10	104793	10	104793
Multi-Family with 5+ Units	CA	1940-59	0.667218	0.332782	39	344193	39	344193
Multi-Family with 5+ Units	CA	1960-79	0.737917	0.262083	63	932697	63	932697
Multi-Family with 5+ Units	CA	1980-99	0.632521	0.367479	54	848762	54	848762
Multi-Family with 5+ Units	CA	2000-09	0.560544	0.439456	31	404159	31	404159
Multi-Family with 5+ Units	CA	2010s	0.661625	0.338375	20	245419	20	245419
Multi-Family with 5+ Units	CA	<1940	0.700244	0.299756	25	302948	25	302948
Single-Family Attached	CA	1940-59	0.110837	0.889163	18	78809.1	18	78809.1
Single-Family Attached	CA	1960-79	0.0891522	0.910848	47	342504	47	342504
Single-Family Attached	CA	1980-99	0.0188239	0.981176	51	369205	51	369205
Single-Family Attached	CA	2000-09	0	1	12	73776.9	12	73776.9
Single-Family Attached	CA	2010s	0	1	8	44227.9	12	56772.7
Single-Family Attached	CA	<1940	0.100651	0.899349	11	67119.1	11	67119.1
Single-Family Detached	CA	1940-59	0	1	217	1.69632e+06	217	1.69632e+06
Single-Family Detached	CA	1960-79	0	1	192	2.00776e+06	192	2.00776e+06
Single-Family Detached	CA	1980-99	0	1	167	1.81374e+06	167	1.81374e+06
Single-Family Detached	CA	2000-09	0	1	94	912839	94	912839
Single-Family Detached	CA	2010s	0	1	31	284570	31	284570
Single-Family Detached	CA	<1940	0	1	93	863228	93	863228
Mobile Home	CO	1940-59	0	1	0	0	7	38257
Mobile Home	CO	1960-79	0	1	6	37159.9	31	93293.9
Mobile Home	CO	1980-99	0	1	7	41806.7	35	101826
Mobile Home	CO	2000-09	0	1	4	19970.9	10	29197
Mobile Home	CO	2010s	0	1	1	6753.94	15	44741
Mobile Home	CO	<1940	0	1	0	0	7	38257
Multi-Family with 2 - 4 Units	CO	1940-59	0.371776	0.628224	3	8452.18	39	378787
Multi-Family with 2 - 4 Units	CO	1960-79	0.746195	0.253805	4	47370.2	16	118593
Multi-Family with 2 - 4 Units	CO	1980-99	0.355631	0.644369	2	22016.6	69	642382
Multi-Family with 2 - 4 Units	CO	2000-09	0.324073	0.675927	0	0	26	194504
Multi-Family with 2 - 4 Units	CO	2010s	0.324073	0.675927	1	9925.92	26	194504
Multi-Family with 2 - 4 Units	CO	<1940	0.371776	0.628224	3	21842.4	39	378787
Multi-Family with 5+ Units	CO	1940-59	0.679583	0.320417	4	18037	72	866832
Multi-Family with 5+ Units	CO	1960-79	1	0	18	145294	18	145294
Multi-Family with 5+ Units	CO	1980-99	0.384632	0.615368	17	144746	17	144746
Multi-Family with 5+ Units	CO	2000-09	0.190349	0.809651	8	68684.6	13	91654.5
Multi-Family with 5+ Units	CO	2010s	0.537727	0.462273	8	67337.8	20	139381
Multi-Family with 5+ Units	CO	<1940	0.679583	0.320417	3	19206.1	72	866832
Single-Family Attached	CO	1940-59	0.100753	0.899247	3	10221	40	214020
Single-Family Attached	CO	1960-79	0	1	5	19024.2	20	51019.3
Single-Family Attached	CO	1980-99	0.0556523	0.944348	11	45352.6	11	45352.6
Single-Family Attached	CO	2000-09	0	1	8	33985.8	22	70519.2
Single-Family Attached	CO	2010s	0	1	7	30559.9	17	58971.6
Single-Family Attached	CO	<1940	0.100753	0.899247	2	7800.25	40	214020
Single-Family Detached	CO	1940-59	0	1	40	193948	40	193948
Single-Family Detached	CO	1960-79	0	1	54	297692	54	297692
Single-Family Detached	CO	1980-99	0	1	87	489196	87	489196
Single-Family Detached	CO	2000-09	0	1	42	224875	42	224875
Single-Family Detached	CO	2010s	0	1	20	112560	20	112560
Single-Family Detached	CO	<1940	0	1	25	116043	25	116043
Mobile Home	CT	1940-59	0	1	0	0	6	31900.9
Mobile Home	CT	1960-79	0	1	0	0	18	51323.9
Mobile Home	CT	1980-99	0	1	2	11061.5	22	54872.2
Mobile Home	CT	2000-09	0	1	1	5587.79	10	24027.2
Mobile Home	CT	2010s	0	1	0	0	12	28266.3
Mobile Home	CT	<1940	0	1	0	0	6	31900.9
Multi-Family with 2 - 4 Units	CT	1940-59	0.457285	0.542715	11	24367.9	11	24367.9
Multi-Family with 2 - 4 Units	CT	1960-79	0.630686	0.369314	10	84265.5	10	84265.5
Multi-Family with 2 - 4 Units	CT	1980-99	0.673592	0.326408	2	19171.1	17	104052
Multi-Family with 2 - 4 Units	CT	2000-09	0.3877	0.6123	0	0	10	53709.2
Multi-Family with 2 - 4 Units	CT	2010s	0.3877	0.6123	1	7604.14	10	53709.2
Multi-Family with 2 - 4 Units	CT	<1940	0.457285	0.542715	11	62972.2	11	62972.2
Multi-Family with 5+ Units	CT	1940-59	0.801367	0.198633	7	30696.5	62	139659
Multi-Family with 5+ Units	CT	1960-79	0.514525	0.485475	10	70220.5	10	70220.5
Multi-Family with 5+ Units	CT	1980-99	0.603052	0.396948	14	99660.4	14	99660.4
Multi-Family with 5+ Units	CT	2000-09	0.488928	0.511072	2	13355.3	17	86259.6
Multi-Family with 5+ Units	CT	2010s	0.714109	0.285891	3	13414.1	25	95047.9
Multi-Family with 5+ Units	CT	<1940	0.781155	0.218845	5	26960.4	51	208433
Single-Family Attached	CT	1940-59	0.168737	0.831263	4	8325.23	37	37860.8
Single-Family Attached	CT	1960-79	0.183034	0.816966	13	29911	13	29911
Single-Family Attached	CT	1980-99	0.0810969	0.918903	11	29064.1	11	29064.1
Single-Family Attached	CT	2000-09	0.183765	0.816235	1	2587.25	23	43234.7
Single-Family Attached	CT	2010s	0.183765	0.816235	1	1847.42	13	22801.4
Single-Family Attached	CT	<1940	0.177492	0.822508	2	4566.49	29	47099.4
Single-Family Detached	CT	1940-59	0	1	89	245543	89	245543
Single-Family Detached	CT	1960-79	0	1	47	173162	47	173162
Single-Family Detached	CT	1980-99	0	1	35	133606	35	133606
Single-Family Detached	CT	2000-09	0	1	17	63989.8	17	63989.8
Single-Family Detached	CT	2010s	0	1	13	35436.4	13	35436.4
Single-Family Detached	CT	<1940	0	1	55	184522	55	184522
Mobile Home	DC	1940-59	0	1	0	0	14	139366
Mobile Home	DC	1960-79	0	1	0	0	43	405173
Mobile Home	DC	1980-99	0	1	0	0	112	1.07618e+06
Mobile Home	DC	2000-09	0	1	0	0	35	276329
Mobile Home	DC	2010s	0	1	0	0	19	162496
Mobile Home	DC	<1940	0	1	0	0	14	139366
Multi-Family with 2 - 4 Units	DC	1940-59	0.470946	0.529054	12	7729.06	12	7729.06
Multi-Family with 2 - 4 Units	DC	1960-79	0.418511	0.581489	4	5286.17	48	367858
Multi-Family with 2 - 4 Units	DC	1980-99	0.312325	0.687675	3	4062.17	43	369647
Multi-Family with 2 - 4 Units	DC	2000-09	0.313703	0.686297	1	1355.06	19	142541
Multi-Family with 2 - 4 Units	DC	2010s	0.52869	0.47131	0	0	12	91067
Multi-Family with 2 - 4 Units	DC	<1940	0.561139	0.438861	9	8730.55	23	84087.6
Multi-Family with 5+ Units	DC	1940-59	0.878516	0.121484	48	44638.2	48	44638.2
Multi-Family with 5+ Units	DC	1960-79	0.758884	0.241116	23	37898.7	23	37898.7
Multi-Family with 5+ Units	DC	1980-99	0.914272	0.0857278	12	21264.7	12	21264.7
Multi-Family with 5+ Units	DC	2000-09	0.691252	0.308748	17	26156.6	17	26156.6
Multi-Family with 5+ Units	DC	2010s	0.899864	0.100136	20	29892.9	20	29892.9
Multi-Family with 5+ Units	DC	<1940	0.823631	0.176369	33	42515.3	33	42515.3
Single-Family Attached	DC	1940-59	0.0264283	0.973572	46	15380.6	46	15380.6
Single-Family Attached	DC	1960-79	0.0385126	0.961487	5	5045.64	64	343202
Single-Family Attached	DC	1980-99	0.0174159	0.982584	5	4564.56	109	618810
Single-Family Attached	DC	2000-09	0.0159756	0.984024	0	0	87	475896
Single-Family Attached	DC	2010s	0.0159756	0.984024	4	3266.93	47	211047
Single-Family Attached	DC	<1940	0.0175074	0.982493	43	31909.8	43	31909.8
Single-Family Detached	DC	1940-59	0	1	19	10467.7	19	10467.7
Single-Family Detached	DC	1960-79	0	1	1	1102.99	452	3.44073e+06
Single-Family Detached	DC	1980-99	0	1	0	0	616	4.9564e+06
Single-Family Detached	DC	2000-09	0	1	0	0	347	2.44084e+06
Single-Family Detached	DC	2010s	0	1	1	1312.28	224	1.46583e+06
Single-Family Detached	DC	<1940	0	1	15	13873.1	15	13873.1
Mobile Home	DE	1940-59	0	1	0	0	14	139366
Mobile Home	DE	1960-79	0	1	3	8942.48	43	405173
Mobile Home	DE	1980-99	0	1	6	18912.9	112	1.07618e+06
Mobile Home	DE	2000-09	0	1	2	6255.78	35	276329
Mobile Home	DE	2010s	0	1	2	5593.19	19	162496
Mobile Home	DE	<1940	0	1	0	0	14	139366
Multi-Family with 2 - 4 Units	DE	1940-59	0.341811	0.658189	3	4102.38	34	112680
Multi-Family with 2 - 4 Units	DE	1960-79	0.418511	0.581489	2	5679.53	48	367858
Multi-Family with 2 - 4 Units	DE	1980-99	0.312325	0.687675	0	0	43	369647
Multi-Family with 2 - 4 Units	DE	2000-09	0.313703	0.686297	1	1722.37	19	142541
Multi-Family with 2 - 4 Units	DE	2010s	0.52869	0.47131	0	0	12	91067
Multi-Family with 2 - 4 Units	DE	<1940	0.561139	0.438861	2	4595.6	23	84087.6
Multi-Family with 5+ Units	DE	1940-59	0.550315	0.449685	2	2255.96	72	213105
Multi-Family with 5+ Units	DE	1960-79	0.43835	0.56165	2	8120.4	118	1.27333e+06
Multi-Family with 5+ Units	DE	1980-99	0.295046	0.704954	2	7040.31	127	1.44448e+06
Multi-Family with 5+ Units	DE	2000-09	0.41465	0.58535	4	15198.3	91	852085
Multi-Family with 5+ Units	DE	2010s	0.374218	0.625782	1	3914.04	74	593143
Multi-Family with 5+ Units	DE	<1940	0.667289	0.332711	2	5829.91	45	129938
Single-Family Attached	DE	1940-59	0.0427483	0.957252	4	6377.56	86	128148
Single-Family Attached	DE	1960-79	0.0385126	0.961487	1	2573.3	64	343202
Single-Family Attached	DE	1980-99	0.0174159	0.982584	5	10719.8	109	618810
Single-Family Attached	DE	2000-09	0.0159756	0.984024	5	8994.06	87	475896
Single-Family Attached	DE	2010s	0.0159756	0.984024	3	5121.45	47	211047
Single-Family Attached	DE	<1940	0.0175074	0.982493	2	3416.19	69	146409
Single-Family Detached	DE	1940-59	0	1	16	38037.2	16	38037.2
Single-Family Detached	DE	1960-79	0	1	18	44447.3	18	44447.3
Single-Family Detached	DE	1980-99	0	1	27	72209.2	27	72209.2
Single-Family Detached	DE	2000-09	0	1	17	38247.2	17	38247.2
Single-Family Detached	DE	2010s	0	1	17	38425.1	17	38425.1
Single-Family Detached	DE	<1940	0	1	6	13722.4	189	1.06659e+06
Mobile Home	FL	1940-59	0	1	3	39453.5	14	139366
Mobile Home	FL	1960-79	0	1	9	139584	43	405173
Mobile Home	FL	1980-99	0	1	18	267275	18	267275
Mobile Home	FL	2000-09	0	1	5	63257.2	35	276329
Mobile Home	FL	2010s	0	1	5	64553.7	19	162496
Mobile Home	FL	<1940	0	1	1	13958	14	139366
Multi-Family with 2 - 4 Units	FL	1940-59	0.341811	0.658189	3	34054.4	34	112680
Multi-Family with 2 - 4 Units	FL	1960-79	0.277355	0.722645	11	132572	11	132572
Multi-Family with 2 - 4 Units	FL	1980-99	0.153232	0.846768	14	181245	14	181245
Multi-Family with 2 - 4 Units	FL	2000-09	0.313703	0.686297	7	80276.3	19	142541
Multi-Family with 2 - 4 Units	FL	2010s	0.52869	0.47131	3	33806.6	12	91067
Multi-Family with 2 - 4 Units	FL	<1940	0.561139	0.438861	1	10073	23	84087.6
Multi-Family with 5+ Units	FL	1940-59	0.550315	0.449685	2	35954.8	72	213105
Multi-Family with 5+ Units	FL	1960-79	0.326213	0.673787	38	675082	38	675082
Multi-Family with 5+ Units	FL	1980-99	0.114186	0.885814	34	590408	34	590408
Multi-Family with 5+ Units	FL	2000-09	0.37442	0.62558	22	348185	22	348185
Multi-Family with 5+ Units	FL	2010s	0.428218	0.571782	12	177477	12	177477
Multi-Family with 5+ Units	FL	<1940	0.667289	0.332711	0	0	45	129938
Single-Family Attached	FL	1940-59	0.0427483	0.957252	1	2070.62	86	128148
Single-Family Attached	FL	1960-79	0.0385126	0.961487	13	109706	13	109706
Single-Family Attached	FL	1980-99	0.0174159	0.982584	18	166120	18	166120
Single-Family Attached	FL	2000-09	0.0159756	0.984024	20	167775	20	167775
Single-Family Attached	FL	2010s	0.0159756	0.984024	9	66690.7	47	211047
Single-Family Attached	FL	<1940	0.0175074	0.982493	1	5350.95	69	146409
Single-Family Detached	FL	1940-59	0	1	45	394259	45	394259
Single-Family Detached	FL	1960-79	0	1	100	1.13545e+06	100	1.13545e+06
Single-Family Detached	FL	1980-99	0	1	136	1.63154e+06	136	1.63154e+06
Single-Family Detached	FL	2000-09	0	1	75	785100	75	785100
Single-Family Detached	FL	2010s	0	1	52	499314	52	499314
Single-Family Detached	FL	<1940	0	1	21	211565	21	211565
Mobile Home	GA	1940-59	0	1	0	0	14	139366
Mobile Home	GA	1960-79	0	1	6	69588.8	43	405173
Mobile Home	GA	1980-99	0	1	13	167608	13	167608
Mobile Home	GA	2000-09	0	1	4	43059.8	35	276329
Mobile Home	GA	2010s	0	1	3	32572.8	19	162496
Mobile Home	GA	<1940	0	1	0	0	14	139366
Multi-Family with 2 - 4 Units	GA	1940-59	0.341811	0.658189	2	13709.9	34	112680
Multi-Family with 2 - 4 Units	GA	1960-79	0.418511	0.581489	5	50784.2	48	367858
Multi-Family with 2 - 4 Units	GA	1980-99	0.312325	0.687675	5	52313.3	43	369647
Multi-Family with 2 - 4 Units	GA	2000-09	0.313703	0.686297	1	9012.3	19	142541
Multi-Family with 2 - 4 Units	GA	2010s	0.52869	0.47131	1	6748.48	12	91067
Multi-Family with 2 - 4 Units	GA	<1940	0.561139	0.438861	1	8223.46	23	84087.6
Multi-Family with 5+ Units	GA	1940-59	0.550315	0.449685	3	20985.8	72	213105
Multi-Family with 5+ Units	GA	1960-79	0.43835	0.56165	6	74742.8	118	1.27333e+06
Multi-Family with 5+ Units	GA	1980-99	0.295046	0.704954	9	122306	127	1.44448e+06
Multi-Family with 5+ Units	GA	2000-09	0.41465	0.58535	9	112542	91	852085
Multi-Family with 5+ Units	GA	2010s	0.294681	0.705319	11	123807	11	123807
Multi-Family with 5+ Units	GA	<1940	0.667289	0.332711	2	19039.9	45	129938
Single-Family Attached	GA	1940-59	0.0427483	0.957252	3	7700.47	86	128148
Single-Family Attached	GA	1960-79	0.0385126	0.961487	2	12952.1	64	343202
Single-Family Attached	GA	1980-99	0.0174159	0.982584	16	118666	16	118666
Single-Family Attached	GA	2000-09	0.0159756	0.984024	11	65546.3	11	65546.3
Single-Family Attached	GA	2010s	0.0159756	0.984024	7	42275.2	47	211047
Single-Family Attached	GA	<1940	0.0175074	0.982493	3	19899.8	69	146409
Single-Family Detached	GA	1940-59	0	1	42	294973	42	294973
Single-Family Detached	GA	1960-79	0	1	59	552435	59	552435
Single-Family Detached	GA	1980-99	0	1	98	892353	98	892353
Single-Family Detached	GA	2000-09	0	1	64	499944	64	499944
Single-Family Detached	GA	2010s	0	1	37	285246	37	285246
Single-Family Detached	GA	<1940	0	1	20	162370	20	162370
Mobile Home	HI	1940-59	0	1	0	0	7	38257
Mobile Home	HI	1960-79	0	1	0	0	51	432940
Mobile Home	HI	1980-99	0	1	0	0	34	267578
Mobile Home	HI	2000-09	0	1	0	0	15	88678.4
Mobile Home	HI	2010s	0	1	0	0	15	88678.4
Mobile Home	HI	<1940	0	1	0	0	7	38257
Multi-Family with 2 - 4 Units	HI	1940-59	0.359452	0.640548	5	7654.04	30	318555
Multi-Family with 2 - 4 Units	HI	1960-79	0.459186	0.540814	3	7170.97	43	473817
Multi-Family with 2 - 4 Units	HI	1980-99	0.386692	0.613308	5	11702.5	46	460320
Multi-Family with 2 - 4 Units	HI	2000-09	0.238482	0.761518	0	0	13	111284
Multi-Family with 2 - 4 Units	HI	2010s	0.238482	0.761518	1	1802.26	13	111284
Multi-Family with 2 - 4 Units	HI	<1940	0.359452	0.640548	2	2998.94	30	318555
Multi-Family with 5+ Units	HI	1940-59	0.697051	0.302949	3	5397.24	60	776211
Multi-Family with 5+ Units	HI	1960-79	0.600809	0.399191	36	78434.3	36	78434.3
Multi-Family with 5+ Units	HI	1980-99	0.551171	0.448829	13	28138.5	13	28138.5
Multi-Family with 5+ Units	HI	2000-09	0.489731	0.510269	4	8009.57	10	18722.3
Multi-Family with 5+ Units	HI	2010s	0.489731	0.510269	6	10712.7	10	18722.3
Multi-Family with 5+ Units	HI	<1940	0.697051	0.302949	1	2147.15	60	776211
Single-Family Attached	HI	1940-59	0.106425	0.893575	4	4013.4	25	158347
Single-Family Attached	HI	1960-79	0.0891522	0.910848	12	12693.3	12	12693.3
Single-Family Attached	HI	1980-99	0.0188239	0.981176	9	11217.1	90	426947
Single-Family Attached	HI	2000-09	0	1	2	2221.53	55	184937
Single-Family Attached	HI	2010s	0	1	4	3889.7	55	184937
Single-Family Attached	HI	<1940	0.106425	0.893575	1	890.874	25	158347
Single-Family Detached	HI	1940-59	0	1	31	31007.8	31	31007.8
Single-Family Detached	HI	1960-79	0	1	54	82692.6	54	82692.6
Single-Family Detached	HI	1980-99	0	1	59	96366.2	59	96366.2
Single-Family Detached	HI	2000-09	0	1	21	31418.4	21	31418.4
Single-Family Detached	HI	2010s	0	1	10	13384	10	13384
Single-Family Detached	HI	<1940	0	1	15	20414.8	15	20414.8
Mobile Home	IA	1940-59	0	1	1	1352.37	4	48874.3
Mobile Home	IA	1960-79	0	1	4	21576.9	17	70976.6
Mobile Home	IA	1980-99	0	1	3	16088.2	27	155969
Mobile Home	IA	2000-09	0	1	2	11595.5	14	78546.6
Mobile Home	IA	2010s	0	1	0	0	22	109253
Mobile Home	IA	<1940	0	1	1	3494.82	4	48874.3
Multi-Family with 2 - 4 Units	IA	1940-59	0.582285	0.417715	1	1340.06	16	48297.3
Multi-Family with 2 - 4 Units	IA	1960-79	0.592917	0.407083	2	14460.6	25	191462
Multi-Family with 2 - 4 Units	IA	1980-99	0.528255	0.471745	1	6558.65	13	79570.7
Multi-Family with 2 - 4 Units	IA	2000-09	0.554413	0.445587	1	3654.09	11	48578.9
Multi-Family with 2 - 4 Units	IA	2010s	0.539139	0.460861	1	3826.55	17	66169.8
Multi-Family with 2 - 4 Units	IA	<1940	0.643578	0.356422	1	3463.02	11	79915.1
Multi-Family with 5+ Units	IA	1940-59	0.685626	0.314374	2	5557.91	30	103792
Multi-Family with 5+ Units	IA	1960-79	0.689201	0.310799	6	51319	52	314836
Multi-Family with 5+ Units	IA	1980-99	0.636647	0.363353	5	40242.6	55	417544
Multi-Family with 5+ Units	IA	2000-09	0.489434	0.510566	5	38051.2	29	146016
Multi-Family with 5+ Units	IA	2010s	0.825241	0.174759	1	8525.33	37	182621
Multi-Family with 5+ Units	IA	<1940	0.659859	0.340141	2	14362.9	20	99847.5
Single-Family Attached	IA	1940-59	0.00769894	0.992301	2	5744.68	13	31661.7
Single-Family Attached	IA	1960-79	0.107588	0.892412	3	9287.81	23	71397.8
Single-Family Attached	IA	1980-99	0.0692042	0.930796	9	31686	54	172451
Single-Family Attached	IA	2000-09	0	1	4	10198.5	32	72783
Single-Family Attached	IA	2010s	0	1	2	6822.12	29	60757
Single-Family Attached	IA	<1940	0.0171804	0.98282	1	3888.3	13	50854.4
Single-Family Detached	IA	1940-59	0	1	104	239336	104	239336
Single-Family Detached	IA	1960-79	0	1	59	232506	59	232506
Single-Family Detached	IA	1980-99	0	1	33	129080	33	129080
Single-Family Detached	IA	2000-09	0	1	26	88653.9	26	88653.9
Single-Family Detached	IA	2010s	0	1	9	32810.6	106	385212
Single-Family Detached	IA	<1940	0	1	69	246464	69	246464
Mobile Home	ID	1940-59	0	1	0	0	7	38257
Mobile Home	ID	1960-79	0	1	7	16345	31	93293.9
Mobile Home	ID	1980-99	0	1	11	25177.6	11	25177.6
Mobile Home	ID	2000-09	0	1	2	4217.55	10	29197
Mobile Home	ID	2010s	0	1	1	1903.29	15	44741
Mobile Home	ID	<1940	0	1	0	0	7	38257
Multi-Family with 2 - 4 Units	ID	1940-59	0.371776	0.628224	1	1153.35	39	378787
Multi-Family with 2 - 4 Units	ID	1960-79	0.746195	0.253805	4	17957.7	16	118593
Multi-Family with 2 - 4 Units	ID	1980-99	0.355631	0.644369	3	13599.2	69	642382
Multi-Family with 2 - 4 Units	ID	2000-09	0.324073	0.675927	1	4643.25	26	194504
Multi-Family with 2 - 4 Units	ID	2010s	0.324073	0.675927	1	4281.99	26	194504
Multi-Family with 2 - 4 Units	ID	<1940	0.371776	0.628224	1	2980.52	39	378787
Multi-Family with 5+ Units	ID	1940-59	0.679583	0.320417	0	0	72	866832
Multi-Family with 5+ Units	ID	1960-79	0.715192	0.284808	3	11861	34	229516
Multi-Family with 5+ Units	ID	1980-99	0.342393	0.657607	6	22452	32	213448
Multi-Family with 5+ Units	ID	2000-09	0.190349	0.809651	2	7921.35	13	91654.5
Multi-Family with 5+ Units	ID	2010s	0.537727	0.462273	3	10328.3	20	139381
Multi-Family with 5+ Units	ID	<1940	0.679583	0.320417	0	0	72	866832
Single-Family Attached	ID	1940-59	0.100753	0.899247	1	587.323	40	214020
Single-Family Attached	ID	1960-79	0	1	4	6293.63	20	51019.3
Single-Family Attached	ID	1980-99	0.0556523	0.944348	4	7770.92	27	77730.7
Single-Family Attached	ID	2000-09	0	1	4	7092.37	22	70519.2
Single-Family Attached	ID	2010s	0	1	1	1985.23	17	58971.6
Single-Family Attached	ID	<1940	0.100753	0.899247	1	1517.78	40	214020
Single-Family Detached	ID	1940-59	0	1	38	58552.8	38	58552.8
Single-Family Detached	ID	1960-79	0	1	46	104858	46	104858
Single-Family Detached	ID	1980-99	0	1	44	102124	44	102124
Single-Family Detached	ID	2000-09	0	1	50	103798	50	103798
Single-Family Detached	ID	2010s	0	1	33	71454.1	33	71454.1
Single-Family Detached	ID	<1940	0	1	26	45654.6	26	45654.6
Mobile Home	IL	1940-59	0	1	0	0	4	48874.3
Mobile Home	IL	1960-79	0	1	1	8803.83	16	146938
Mobile Home	IL	1980-99	0	1	4	53148.2	25	275302
Mobile Home	IL	2000-09	0	1	3	24455.7	20	166499
Mobile Home	IL	2010s	0	1	1	8615.45	11	88611.7
Mobile Home	IL	<1940	0	1	0	0	4	48874.3
Multi-Family with 2 - 4 Units	IL	1940-59	0.372057	0.627943	20	129246	20	129246
Multi-Family with 2 - 4 Units	IL	1960-79	0.399147	0.600853	4	57318.6	22	337480
Multi-Family with 2 - 4 Units	IL	1980-99	0.357342	0.642658	6	101181	19	312752
Multi-Family with 2 - 4 Units	IL	2000-09	0.371913	0.628087	1	12344.1	12	164972
Multi-Family with 2 - 4 Units	IL	2010s	0.371913	0.628087	2	30259.1	12	164972
Multi-Family with 2 - 4 Units	IL	<1940	0.413474	0.586526	17	205196	17	205196
Multi-Family with 5+ Units	IL	1940-59	0.69158	0.30842	24	168788	24	168788
Multi-Family with 5+ Units	IL	1960-79	0.656931	0.343069	36	414674	36	414674
Multi-Family with 5+ Units	IL	1980-99	0.808515	0.191485	15	191619	15	191619
Multi-Family with 5+ Units	IL	2000-09	0.683751	0.316249	16	167780	16	167780
Multi-Family with 5+ Units	IL	2010s	0.900135	0.099865	10	94534.6	10	94534.6
Multi-Family with 5+ Units	IL	<1940	0.735368	0.264632	15	142738	15	142738
Single-Family Attached	IL	1940-59	0.00958945	0.990411	2	10556.5	22	66150.7
Single-Family Attached	IL	1960-79	0	1	15	67238.1	15	67238.1
Single-Family Attached	IL	1980-99	0	1	21	106184	21	106184
Single-Family Attached	IL	2000-09	0	1	20	78851	20	78851
Single-Family Attached	IL	2010s	0	1	3	10347	14	56120.7
Single-Family Attached	IL	<1940	0.0328217	0.967178	0	0	12	49945.7
Single-Family Detached	IL	1940-59	0	1	125	686355	125	686355
Single-Family Detached	IL	1960-79	0	1	88	673944	88	673944
Single-Family Detached	IL	1980-99	0	1	64	581699	64	581699
Single-Family Detached	IL	2000-09	0	1	36	246435	36	246435
Single-Family Detached	IL	2010s	0	1	13	82141	13	82141
Single-Family Detached	IL	<1940	0	1	74	546068	74	546068
Mobile Home	IN	1940-59	0	1	0	0	4	48874.3
Mobile Home	IN	1960-79	0	1	2	15278.9	16	146938
Mobile Home	IN	1980-99	0	1	5	34659	25	275302
Mobile Home	IN	2000-09	0	1	1	5826.23	20	166499
Mobile Home	IN	2010s	0	1	4	21718.6	11	88611.7
Mobile Home	IN	<1940	0	1	0	0	4	48874.3
Multi-Family with 2 - 4 Units	IN	1940-59	0.487742	0.512258	6	22065	41	290832
Multi-Family with 2 - 4 Units	IN	1960-79	0.399147	0.600853	5	62096.2	22	337480
Multi-Family with 2 - 4 Units	IN	1980-99	0.357342	0.642658	2	32955.3	19	312752
Multi-Family with 2 - 4 Units	IN	2000-09	0.371913	0.628087	0	0	12	164972
Multi-Family with 2 - 4 Units	IN	2010s	0.371913	0.628087	2	20499.2	12	164972
Multi-Family with 2 - 4 Units	IN	<1940	0.390813	0.609187	6	57021.1	33	379684
Multi-Family with 5+ Units	IN	1940-59	0.66349	0.33651	1	3449.52	41	282805
Multi-Family with 5+ Units	IN	1960-79	0.615527	0.384473	5	53481	78	972394
Multi-Family with 5+ Units	IN	1980-99	0.574755	0.425245	8	83098.2	56	705562
Multi-Family with 5+ Units	IN	2000-09	0.541754	0.458246	4	36980.9	37	408042
Multi-Family with 5+ Units	IN	2010s	0.646156	0.353844	3	26481.5	26	236132
Multi-Family with 5+ Units	IN	<1940	0.615892	0.384108	1	8914.35	29	332329
Single-Family Attached	IN	1940-59	0.00958945	0.990411	5	13485	22	66150.7
Single-Family Attached	IN	1960-79	0	1	9	29602.8	50	210301
Single-Family Attached	IN	1980-99	0	1	11	38755.9	11	38755.9
Single-Family Attached	IN	2000-09	0	1	10	28034.2	10	28034.2
Single-Family Attached	IN	2010s	0	1	3	9811.72	14	56120.7
Single-Family Attached	IN	<1940	0.0328217	0.967178	2	5366.65	12	49945.7
Single-Family Detached	IN	1940-59	0	1	98	368743	98	368743
Single-Family Detached	IN	1960-79	0	1	83	482949	83	482949
Single-Family Detached	IN	1980-99	0	1	63	423634	63	423634
Single-Family Detached	IN	2000-09	0	1	46	248114	46	248114
Single-Family Detached	IN	2010s	0	1	24	107456	24	107456
Single-Family Detached	IN	<1940	0	1	65	359121	65	359121
Mobile Home	KS	1940-59	0	1	1	2145.98	4	48874.3
Mobile Home	KS	1960-79	0	1	0	0	17	70976.6
Mobile Home	KS	1980-99	0	1	3	18079.9	27	155969
Mobile Home	KS	2000-09	0	1	2	9823.43	14	78546.6
Mobile Home	KS	2010s	0	1	1	8048.63	22	109253
Mobile Home	KS	<1940	0	1	1	5545.71	4	48874.3
Multi-Family with 2 - 4 Units	KS	1940-59	0.582285	0.417715	1	6043.03	16	48297.3
Multi-Family with 2 - 4 Units	KS	1960-79	0.592917	0.407083	4	32345	25	191462
Multi-Family with 2 - 4 Units	KS	1980-99	0.528255	0.471745	4	30795.7	13	79570.7
Multi-Family with 2 - 4 Units	KS	2000-09	0.554413	0.445587	2	12118.9	11	48578.9
Multi-Family with 2 - 4 Units	KS	2010s	0.539139	0.460861	0	0	17	66169.8
Multi-Family with 2 - 4 Units	KS	<1940	0.643578	0.356422	0	0	11	79915.1
Multi-Family with 5+ Units	KS	1940-59	0.685626	0.314374	5	33981.6	30	103792
Multi-Family with 5+ Units	KS	1960-79	0.689201	0.310799	7	58208.8	52	314836
Multi-Family with 5+ Units	KS	1980-99	0.636647	0.363353	4	31291.2	55	417544
Multi-Family with 5+ Units	KS	2000-09	0.489434	0.510566	3	21925.4	29	146016
Multi-Family with 5+ Units	KS	2010s	0.825241	0.174759	0	0	37	182621
Multi-Family with 5+ Units	KS	<1940	0.659859	0.340141	2	14951	20	99847.5
Single-Family Attached	KS	1940-59	0.00769894	0.992301	2	4887.94	13	31661.7
Single-Family Attached	KS	1960-79	0.107588	0.892412	3	10338.5	23	71397.8
Single-Family Attached	KS	1980-99	0.0692042	0.930796	6	20517	54	172451
Single-Family Attached	KS	2000-09	0	1	2	5604.39	32	72783
Single-Family Attached	KS	2010s	0	1	2	6661.29	29	60757
Single-Family Attached	KS	<1940	0.0171804	0.98282	1	4516.41	13	50854.4
Single-Family Detached	KS	1940-59	0	1	47	139778	47	139778
Single-Family Detached	KS	1960-79	0	1	41	208758	41	208758
Single-Family Detached	KS	1980-99	0	1	34	168623	34	168623
Single-Family Detached	KS	2000-09	0	1	25	104133	25	104133
Single-Family Detached	KS	2010s	0	1	9	40166.7	106	385212
Single-Family Detached	KS	<1940	0	1	29	127783	29	127783
Mobile Home	KY	1940-59	0	1	0	0	14	139366
Mobile Home	KY	1960-79	0	1	8	32378.3	26	151856
Mobile Home	KY	1980-99	0	1	12	53332.9	12	53332.9
Mobile Home	KY	2000-09	0	1	8	25177.7	30	133689
Mobile Home	KY	2010s	0	1	3	13159.8	12	68886
Mobile Home	KY	<1940	0	1	0	0	14	139366
Multi-Family with 2 - 4 Units	KY	1940-59	0.425913	0.574087	2	2092.05	45	274727
Multi-Family with 2 - 4 Units	KY	1960-79	0.429767	0.570233	9	47472.9	19	128286
Multi-Family with 2 - 4 Units	KY	1980-99	0.0375997	0.9624	6	29100.2	19	131448
Multi-Family with 2 - 4 Units	KY	2000-09	0.166533	0.833467	0	0	11	68078.1
Multi-Family with 2 - 4 Units	KY	2010s	0.374415	0.625585	2	8138.87	18	113189
Multi-Family with 2 - 4 Units	KY	<1940	0.425913	0.574087	2	5406.33	45	274727
Multi-Family with 5+ Units	KY	1940-59	0.584911	0.415089	3	11238.6	92	543687
Multi-Family with 5+ Units	KY	1960-79	0.630667	0.369333	12	77386.8	12	77386.8
Multi-Family with 5+ Units	KY	1980-99	0.232365	0.767635	6	34202.3	32	299856
Multi-Family with 5+ Units	KY	2000-09	0.179096	0.820904	7	33799.2	19	119460
Multi-Family with 5+ Units	KY	2010s	0.403023	0.596977	6	34005.1	21	159504
Multi-Family with 5+ Units	KY	<1940	0.584911	0.415089	2	6844.6	92	543687
Single-Family Attached	KY	1940-59	0.0380286	0.961971	2	1508.08	108	355335
Single-Family Attached	KY	1960-79	0.0324798	0.96752	8	13948.9	19	39788.8
Single-Family Attached	KY	1980-99	0.0139128	0.986087	13	22163.8	13	22163.8
Single-Family Attached	KY	2000-09	0	1	9	14142.8	15	27328
Single-Family Attached	KY	2010s	0	1	6	9473.12	15	29245.3
Single-Family Attached	KY	<1940	0.0380286	0.961971	2	3897.22	108	355335
Single-Family Detached	KY	1940-59	0	1	73	181715	73	181715
Single-Family Detached	KY	1960-79	0	1	86	368190	86	368190
Single-Family Detached	KY	1980-99	0	1	82	363626	82	363626
Single-Family Detached	KY	2000-09	0	1	42	133049	42	133049
Single-Family Detached	KY	2010s	0	1	23	97065.4	23	97065.4
Single-Family Detached	KY	<1940	0	1	47	115747	47	115747
Mobile Home	LA	1940-59	0	1	1	1966.95	14	139366
Mobile Home	LA	1960-79	0	1	7	41354.9	21	148279
Mobile Home	LA	1980-99	0	1	14	85844.4	14	85844.4
Mobile Home	LA	2000-09	0	1	12	71196.3	12	71196.3
Mobile Home	LA	2010s	0	1	6	38559.5	21	199978
Mobile Home	LA	<1940	0	1	1	5083.05	14	139366
Multi-Family with 2 - 4 Units	LA	1940-59	0.425913	0.574087	1	1911.63	45	274727
Multi-Family with 2 - 4 Units	LA	1960-79	0.343127	0.656873	1	6147.81	21	200201
Multi-Family with 2 - 4 Units	LA	1980-99	0.423997	0.576003	6	35500.8	38	379772
Multi-Family with 2 - 4 Units	LA	2000-09	0.523685	0.476315	2	8027.16	14	117748
Multi-Family with 2 - 4 Units	LA	2010s	0.560094	0.439906	1	5171.96	20	159410
Multi-Family with 2 - 4 Units	LA	<1940	0.425913	0.574087	1	4940.09	45	274727
Multi-Family with 5+ Units	LA	1940-59	0.456766	0.543234	6	37445.3	13	86387.1
Multi-Family with 5+ Units	LA	1960-79	0.481439	0.518561	6	51451.9	42	555289
Multi-Family with 5+ Units	LA	1980-99	0.517579	0.482421	5	45803.4	58	804857
Multi-Family with 5+ Units	LA	2000-09	0.247848	0.752152	5	38323.1	34	422679
Multi-Family with 5+ Units	LA	2010s	0.337781	0.662219	4	30414.4	42	556097
Multi-Family with 5+ Units	LA	<1940	0.599659	0.400341	3	18116.1	13	145537
Single-Family Attached	LA	1940-59	0.0730889	0.926911	4	2645.27	18	43713.3
Single-Family Attached	LA	1960-79	0	1	4	10417.1	24	94274.9
Single-Family Attached	LA	1980-99	0	1	5	12537.6	26	85423.5
Single-Family Attached	LA	2000-09	0.0559082	0.944092	1	2468.75	19	66795.7
Single-Family Attached	LA	2010s	0.0559082	0.944092	2	4648.76	13	46828.6
Single-Family Attached	LA	<1940	0.0620885	0.937912	4	6835.98	10	27220
Single-Family Detached	LA	1940-59	0	1	47	146379	47	146379
Single-Family Detached	LA	1960-79	0	1	72	391496	72	391496
Single-Family Detached	LA	1980-99	0	1	45	235822	45	235822
Single-Family Detached	LA	2000-09	0	1	32	149137	32	149137
Single-Family Detached	LA	2010s	0	1	22	100682	22	100682
Single-Family Detached	LA	<1940	0	1	31	136897	31	136897
Mobile Home	MA	1940-59	0	1	0	0	6	31900.9
Mobile Home	MA	1960-79	0	1	3	15473.1	18	51323.9
Mobile Home	MA	1980-99	0	1	1	4596.5	22	54872.2
Mobile Home	MA	2000-09	0	1	0	0	10	24027.2
Mobile Home	MA	2010s	0	1	0	0	12	28266.3
Mobile Home	MA	<1940	0	1	0	0	6	31900.9
Multi-Family with 2 - 4 Units	MA	1940-59	0.354334	0.645666	44	131296	44	131296
Multi-Family with 2 - 4 Units	MA	1960-79	0.620739	0.379261	16	127182	16	127182
Multi-Family with 2 - 4 Units	MA	1980-99	0.673592	0.326408	7	56260.4	17	104052
Multi-Family with 2 - 4 Units	MA	2000-09	0.3877	0.6123	3	22283.7	10	53709.2
Multi-Family with 2 - 4 Units	MA	2010s	0.3877	0.6123	2	13946.4	10	53709.2
Multi-Family with 2 - 4 Units	MA	<1940	0.455885	0.544115	39	228044	39	228044
Multi-Family with 5+ Units	MA	1940-59	0.729077	0.270923	26	63884	26	63884
Multi-Family with 5+ Units	MA	1960-79	0.747752	0.252248	29	186961	29	186961
Multi-Family with 5+ Units	MA	1980-99	0.913388	0.0866124	12	78015.9	12	78015.9
Multi-Family with 5+ Units	MA	2000-09	0.488928	0.511072	7	48277.1	17	86259.6
Multi-Family with 5+ Units	MA	2010s	0.783355	0.216645	14	67325	14	67325
Multi-Family with 5+ Units	MA	<1940	0.786195	0.213805	24	124596	24	124596
Single-Family Attached	MA	1940-59	0.17025	0.82975	19	21281.6	19	21281.6
Single-Family Attached	MA	1960-79	0.183034	0.816966	0	0	19	35310.8
Single-Family Attached	MA	1980-99	0.0810969	0.918903	24	60556.3	24	60556.3
Single-Family Attached	MA	2000-09	0.183765	0.816235	11	27173.6	11	27173.6
Single-Family Attached	MA	2010s	0.183765	0.816235	7	14361.4	13	22801.4
Single-Family Attached	MA	<1940	0.177492	0.822508	16	31401.9	16	31401.9
Single-Family Detached	MA	1940-59	0	1	140	357420	140	357420
Single-Family Detached	MA	1960-79	0	1	74	283506	74	283506
Single-Family Detached	MA	1980-99	0	1	77	310100	77	310100
Single-Family Detached	MA	2000-09	0	1	20	78709	20	78709
Single-Family Detached	MA	2010s	0	1	16	45650	16	45650
Single-Family Detached	MA	<1940	0	1	92	315476	92	315476
Mobile Home	MD	1940-59	0	1	1	10164.5	14	139366
Mobile Home	MD	1960-79	0	1	0	0	43	405173
Mobile Home	MD	1980-99	0	1	1	6763.98	112	1.07618e+06
Mobile Home	MD	2000-09	0	1	0	0	35	276329
Mobile Home	MD	2010s	0	1	0	0	19	162496
Mobile Home	MD	<1940	0	1	0	0	14	139366
Multi-Family with 2 - 4 Units	MD	1940-59	0.341811	0.658189	7	28020.5	34	112680
Multi-Family with 2 - 4 Units	MD	1960-79	0.418511	0.581489	5	33851.5	48	367858
Multi-Family with 2 - 4 Units	MD	1980-99	0.312325	0.687675	4	27551.7	43	369647
Multi-Family with 2 - 4 Units	MD	2000-09	0.313703	0.686297	1	6615.49	19	142541
Multi-Family with 2 - 4 Units	MD	2010s	0.52869	0.47131	1	6255.71	12	91067
Multi-Family with 2 - 4 Units	MD	<1940	0.561139	0.438861	5	27362.8	23	84087.6
Multi-Family with 5+ Units	MD	1940-59	0.550315	0.449685	6	47541.1	72	213105
Multi-Family with 5+ Units	MD	1960-79	0.690059	0.309941	15	138007	15	138007
Multi-Family with 5+ Units	MD	1980-99	0.615194	0.384806	25	242581	25	242581
Multi-Family with 5+ Units	MD	2000-09	0.606547	0.393453	10	89021.3	10	89021.3
Multi-Family with 5+ Units	MD	2010s	0.374218	0.625782	3	24273.2	74	593143
Multi-Family with 5+ Units	MD	<1940	0.667289	0.332711	2	16261.4	45	129938
Single-Family Attached	MD	1940-59	0.0473146	0.952685	19	54767.7	19	54767.7
Single-Family Attached	MD	1960-79	0.0385126	0.961487	17	80581.8	17	80581.8
Single-Family Attached	MD	1980-99	0.0174159	0.982584	22	100669	22	100669
Single-Family Attached	MD	2000-09	0.0159756	0.984024	11	46184.3	11	46184.3
Single-Family Attached	MD	2010s	0.0159756	0.984024	11	42200.7	11	42200.7
Single-Family Attached	MD	<1940	0.0175074	0.982493	12	48287.6	12	48287.6
Single-Family Detached	MD	1940-59	0	1	44	199077	44	199077
Single-Family Detached	MD	1960-79	0	1	60	347661	60	347661
Single-Family Detached	MD	1980-99	0	1	71	410842	71	410842
Single-Family Detached	MD	2000-09	0	1	20	107283	20	107283
Single-Family Detached	MD	2010s	0	1	5	27335.7	224	1.46583e+06
Single-Family Detached	MD	<1940	0	1	23	112174	23	112174
Mobile Home	ME	1940-59	0	1	1	2940.12	6	31900.9
Mobile Home	ME	1960-79	0	1	4	11317.9	18	51323.9
Mobile Home	ME	1980-99	0	1	7	19308.5	22	54872.2
Mobile Home	ME	2000-09	0	1	3	8390.2	10	24027.2
Mobile Home	ME	2010s	0	1	2	4239.19	12	28266.3
Mobile Home	ME	<1940	0	1	0	0	6	31900.9
Multi-Family with 2 - 4 Units	ME	1940-59	0.889751	0.110249	10	11972.4	10	11972.4
Multi-Family with 2 - 4 Units	ME	1960-79	0.601268	0.398732	2	7565.18	43	261620
Multi-Family with 2 - 4 Units	ME	1980-99	0.673592	0.326408	5	17661.3	17	104052
Multi-Family with 2 - 4 Units	ME	2000-09	0.3877	0.6123	0	0	10	53709.2
Multi-Family with 2 - 4 Units	ME	2010s	0.3877	0.6123	2	6020.9	10	53709.2
Multi-Family with 2 - 4 Units	ME	<1940	0.889751	0.110249	10	30939.4	10	30939.4
Multi-Family with 5+ Units	ME	1940-59	0.801367	0.198633	8	11319.4	62	139659
Multi-Family with 5+ Units	ME	1960-79	0.695859	0.304141	3	11006.5	60	314005
Multi-Family with 5+ Units	ME	1980-99	0.706309	0.293691	6	21178.5	53	260274
Multi-Family with 5+ Units	ME	2000-09	0.488928	0.511072	2	6164.7	17	86259.6
Multi-Family with 5+ Units	ME	2010s	0.714109	0.285891	0	0	25	95047.9
Multi-Family with 5+ Units	ME	<1940	0.781155	0.218845	7	18722.7	51	208433
Single-Family Attached	ME	1940-59	0.168737	0.831263	3	2231.19	37	37860.8
Single-Family Attached	ME	1960-79	0.183034	0.816966	2	2326.11	19	35310.8
Single-Family Attached	ME	1980-99	0.0810969	0.918903	8	10275.4	56	113696
Single-Family Attached	ME	2000-09	0.183765	0.816235	0	0	23	43234.7
Single-Family Attached	ME	2010s	0.183765	0.816235	0	0	13	22801.4
Single-Family Attached	ME	<1940	0.177492	0.822508	2	2353.44	29	47099.4
Single-Family Detached	ME	1940-59	0	1	45	60020.2	45	60020.2
Single-Family Detached	ME	1960-79	0	1	31	69053.3	31	69053.3
Single-Family Detached	ME	1980-99	0	1	33	77795.3	33	77795.3
Single-Family Detached	ME	2000-09	0	1	30	69554.7	30	69554.7
Single-Family Detached	ME	2010s	0	1	16	25463.9	16	25463.9
Single-Family Detached	ME	<1940	0	1	31	56714.5	31	56714.5
Mobile Home	MI	1940-59	0	1	1	3487.08	4	48874.3
Mobile Home	MI	1960-79	0	1	7	63378.3	16	146938
Mobile Home	MI	1980-99	0	1	6	70569.3	25	275302
Mobile Home	MI	2000-09	0	1	2	15845.5	20	166499
Mobile Home	MI	2010s	0	1	3	24163.8	11	88611.7
Mobile Home	MI	<1940	0	1	1	9011.42	4	48874.3
Multi-Family with 2 - 4 Units	MI	1940-59	0.487742	0.512258	4	49906.5	41	290832
Multi-Family with 2 - 4 Units	MI	1960-79	0.399147	0.600853	6	91400.9	22	337480
Multi-Family with 2 - 4 Units	MI	1980-99	0.357342	0.642658	6	98036.9	19	312752
Multi-Family with 2 - 4 Units	MI	2000-09	0.371913	0.628087	3	50179.5	12	164972
Multi-Family with 2 - 4 Units	MI	2010s	0.371913	0.628087	0	0	12	164972
Multi-Family with 2 - 4 Units	MI	<1940	0.390813	0.609187	1	12451.5	33	379684
Multi-Family with 5+ Units	MI	1940-59	0.66349	0.33651	3	15658.1	41	282805
Multi-Family with 5+ Units	MI	1960-79	0.615527	0.384473	9	111792	78	972394
Multi-Family with 5+ Units	MI	1980-99	0.489802	0.510198	13	181530	13	181530
Multi-Family with 5+ Units	MI	2000-09	0.541754	0.458246	5	61156.2	37	408042
Multi-Family with 5+ Units	MI	2010s	0.646156	0.353844	1	9571.27	26	236132
Multi-Family with 5+ Units	MI	<1940	0.615892	0.384108	3	40464.2	29	332329
Single-Family Attached	MI	1940-59	0.00958945	0.990411	4	19284	22	66150.7
Single-Family Attached	MI	1960-79	0	1	12	58677.1	12	58677.1
Single-Family Attached	MI	1980-99	0	1	14	75136.3	14	75136.3
Single-Family Attached	MI	2000-09	0	1	7	31260	48	184708
Single-Family Attached	MI	2010s	0	1	5	22625.5	14	56120.7
Single-Family Attached	MI	<1940	0.0328217	0.967178	1	4114.67	12	49945.7
Single-Family Detached	MI	1940-59	0	1	107	687362	107	687362
Single-Family Detached	MI	1960-79	0	1	87	793271	87	793271
Single-Family Detached	MI	1980-99	0	1	53	571653	53	571653
Single-Family Detached	MI	2000-09	0	1	22	188608	22	188608
Single-Family Detached	MI	2010s	0	1	8	59177	75	481768
Single-Family Detached	MI	<1940	0	1	60	499145	60	499145
Mobile Home	MN	1940-59	0	1	0	0	4	48874.3
Mobile Home	MN	1960-79	0	1	1	6999.12	17	70976.6
Mobile Home	MN	1980-99	0	1	3	20899.5	27	155969
Mobile Home	MN	2000-09	0	1	3	19262.1	14	78546.6
Mobile Home	MN	2010s	0	1	0	0	22	109253
Mobile Home	MN	<1940	0	1	0	0	4	48874.3
Multi-Family with 2 - 4 Units	MN	1940-59	0.582285	0.417715	3	14483.7	16	48297.3
Multi-Family with 2 - 4 Units	MN	1960-79	0.592917	0.407083	7	62348.6	25	191462
Multi-Family with 2 - 4 Units	MN	1980-99	0.528255	0.471745	1	7263.98	13	79570.7
Multi-Family with 2 - 4 Units	MN	2000-09	0.554413	0.445587	3	21068.7	11	48578.9
Multi-Family with 2 - 4 Units	MN	2010s	0.539139	0.460861	0	0	17	66169.8
Multi-Family with 2 - 4 Units	MN	<1940	0.643578	0.356422	2	16843.6	11	79915.1
Multi-Family with 5+ Units	MN	1940-59	0.685626	0.314374	2	12543.7	30	103792
Multi-Family with 5+ Units	MN	1960-79	0.744016	0.255984	12	128875	12	128875
Multi-Family with 5+ Units	MN	1980-99	0.779457	0.220543	12	137924	12	137924
Multi-Family with 5+ Units	MN	2000-09	0.489434	0.510566	2	17416	29	146016
Multi-Family with 5+ Units	MN	2010s	0.825241	0.174759	8	74372.1	37	182621
Multi-Family with 5+ Units	MN	<1940	0.659859	0.340141	1	8113.53	20	99847.5
Single-Family Attached	MN	1940-59	0.00769894	0.992301	2	8250.38	13	31661.7
Single-Family Attached	MN	1960-79	0.107588	0.892412	1	4232	23	71397.8
Single-Family Attached	MN	1980-99	0.0692042	0.930796	13	60331.3	13	60331.3
Single-Family Attached	MN	2000-09	0	1	9	32650.5	32	72783
Single-Family Attached	MN	2010s	0	1	3	12372.1	29	60757
Single-Family Attached	MN	<1940	0.0171804	0.98282	0	0	13	50854.4
Single-Family Detached	MN	1940-59	0	1	81	284080	81	284080
Single-Family Detached	MN	1960-79	0	1	59	375237	59	375237
Single-Family Detached	MN	1980-99	0	1	57	368092	57	368092
Single-Family Detached	MN	2000-09	0	1	27	147156	27	147156
Single-Family Detached	MN	2010s	0	1	16	93482.9	16	93482.9
Single-Family Detached	MN	<1940	0	1	54	295485	54	295485
Mobile Home	MO	1940-59	0	1	0	0	4	48874.3
Mobile Home	MO	1960-79	0	1	2	19468.3	17	70976.6
Mobile Home	MO	1980-99	0	1	9	85161	27	155969
Mobile Home	MO	2000-09	0	1	4	34308.1	14	78546.6
Mobile Home	MO	2010s	0	1	2	16742.3	22	109253
Mobile Home	MO	<1940	0	1	0	0	4	48874.3
Multi-Family with 2 - 4 Units	MO	1940-59	0.582285	0.417715	7	21808.9	16	48297.3
Multi-Family with 2 - 4 Units	MO	1960-79	0.592917	0.407083	5	67442.9	25	191462
Multi-Family with 2 - 4 Units	MO	1980-99	0.528255	0.471745	1	10598.5	13	79570.7
Multi-Family with 2 - 4 Units	MO	2000-09	0.554413	0.445587	0	0	11	48578.9
Multi-Family with 2 - 4 Units	MO	2010s	0.539139	0.460861	1	6830.85	17	66169.8
Multi-Family with 2 - 4 Units	MO	<1940	0.643578	0.356422	7	56359.1	11	79915.1
Multi-Family with 5+ Units	MO	1940-59	0.685626	0.314374	3	20401.7	30	103792
Multi-Family with 5+ Units	MO	1960-79	0.689201	0.310799	1	11502	52	314836
Multi-Family with 5+ Units	MO	1980-99	0.582446	0.417554	11	132350	11	132350
Multi-Family with 5+ Units	MO	2000-09	0.489434	0.510566	3	32176.6	29	146016
Multi-Family with 5+ Units	MO	2010s	0.825241	0.174759	4	43455.9	37	182621
Multi-Family with 5+ Units	MO	<1940	0.659859	0.340141	2	18995.6	20	99847.5
Single-Family Attached	MO	1940-59	0.00769894	0.992301	3	9432.45	13	31661.7
Single-Family Attached	MO	1960-79	0.107588	0.892412	6	32878	23	71397.8
Single-Family Attached	MO	1980-99	0.0692042	0.930796	7	40207.7	54	172451
Single-Family Attached	MO	2000-09	0	1	3	12707.3	32	72783
Single-Family Attached	MO	2010s	0	1	3	15722.6	29	60757
Single-Family Attached	MO	<1940	0.0171804	0.98282	2	9255.11	13	50854.4
Single-Family Detached	MO	1940-59	0	1	63	308498	63	308498
Single-Family Detached	MO	1960-79	0	1	55	438240	55	438240
Single-Family Detached	MO	1980-99	0	1	49	369217	49	369217
Single-Family Detached	MO	2000-09	0	1	35	221339	35	221339
Single-Family Detached	MO	2010s	0	1	19	130401	19	130401
Single-Family Detached	MO	<1940	0	1	37	264312	37	264312
Mobile Home	MS	1940-59	0	1	0	0	14	139366
Mobile Home	MS	1960-79	0	1	2	13345.3	26	151856
Mobile Home	MS	1980-99	0	1	17	111265	17	111265
Mobile Home	MS	2000-09	0	1	6	26847.8	30	133689
Mobile Home	MS	2010s	0	1	3	17788.4	12	68886
Mobile Home	MS	<1940	0	1	0	0	14	139366
Multi-Family with 2 - 4 Units	MS	1940-59	0.425913	0.574087	0	0	45	274727
Multi-Family with 2 - 4 Units	MS	1960-79	0.429767	0.570233	1	10167.1	19	128286
Multi-Family with 2 - 4 Units	MS	1980-99	0.0375997	0.9624	1	6115.32	19	131448
Multi-Family with 2 - 4 Units	MS	2000-09	0.166533	0.833467	1	6932.33	11	68078.1
Multi-Family with 2 - 4 Units	MS	2010s	0.374415	0.625585	0	0	18	113189
Multi-Family with 2 - 4 Units	MS	<1940	0.425913	0.574087	0	0	45	274727
Multi-Family with 5+ Units	MS	1940-59	0.584911	0.415089	0	0	92	543687
Multi-Family with 5+ Units	MS	1960-79	0.351074	0.648926	3	35672.7	26	208133
Multi-Family with 5+ Units	MS	1980-99	0.232365	0.767635	6	72347.2	32	299856
Multi-Family with 5+ Units	MS	2000-09	0.179096	0.820904	4	38059.5	19	119460
Multi-Family with 5+ Units	MS	2010s	0.403023	0.596977	1	12080.3	21	159504
Multi-Family with 5+ Units	MS	<1940	0.584911	0.415089	0	0	92	543687
Single-Family Attached	MS	1940-59	0.0380286	0.961971	0	0	108	355335
Single-Family Attached	MS	1960-79	0.0324798	0.96752	0	0	19	39788.8
Single-Family Attached	MS	1980-99	0.0139128	0.986087	5	12146.4	35	81759.5
Single-Family Attached	MS	2000-09	0	1	1	2072.47	15	27328
Single-Family Attached	MS	2010s	0	1	1	2504.47	15	29245.3
Single-Family Attached	MS	<1940	0.0380286	0.961971	0	0	108	355335
Single-Family Detached	MS	1940-59	0	1	18	88770.6	18	88770.6
Single-Family Detached	MS	1960-79	0	1	30	200000	30	200000
Single-Family Detached	MS	1980-99	0	1	32	209116	32	209116
Single-Family Detached	MS	2000-09	0	1	30	146288	30	146288
Single-Family Detached	MS	2010s	0	1	6	36912.5	74	412667
Single-Family Detached	MS	<1940	0	1	9	36103	133	451430
Mobile Home	MT	1940-59	0	1	0	0	7	38257
Mobile Home	MT	1960-79	0	1	8	18534.9	31	93293.9
Mobile Home	MT	1980-99	0	1	8	16541.8	35	101826
Mobile Home	MT	2000-09	0	1	1	1747.41	10	29197
Mobile Home	MT	2010s	0	1	3	6886.76	15	44741
Mobile Home	MT	<1940	0	1	0	0	7	38257
Multi-Family with 2 - 4 Units	MT	1940-59	0.371776	0.628224	2	2249	39	378787
Multi-Family with 2 - 4 Units	MT	1960-79	0.746195	0.253805	4	17918.6	16	118593
Multi-Family with 2 - 4 Units	MT	1980-99	0.355631	0.644369	1	4368.59	69	642382
Multi-Family with 2 - 4 Units	MT	2000-09	0.324073	0.675927	0	0	26	194504
Multi-Family with 2 - 4 Units	MT	2010s	0.324073	0.675927	2	9650.34	26	194504
Multi-Family with 2 - 4 Units	MT	<1940	0.371776	0.628224	2	5811.94	39	378787
Multi-Family with 5+ Units	MT	1940-59	0.679583	0.320417	1	4652.03	72	866832
Multi-Family with 5+ Units	MT	1960-79	0.715192	0.284808	3	13250.3	34	229516
Multi-Family with 5+ Units	MT	1980-99	0.342393	0.657607	2	7431.2	32	213448
Multi-Family with 5+ Units	MT	2000-09	0.190349	0.809651	0	0	13	91654.5
Multi-Family with 5+ Units	MT	2010s	0.537727	0.462273	4	15104.7	20	139381
Multi-Family with 5+ Units	MT	<1940	0.679583	0.320417	0	0	72	866832
Single-Family Attached	MT	1940-59	0.100753	0.899247	0	0	40	214020
Single-Family Attached	MT	1960-79	0	1	2	3175.23	20	51019.3
Single-Family Attached	MT	1980-99	0.0556523	0.944348	4	8924.28	27	77730.7
Single-Family Attached	MT	2000-09	0	1	2	3678.27	22	70519.2
Single-Family Attached	MT	2010s	0	1	3	5523.92	17	58971.6
Single-Family Attached	MT	<1940	0.100753	0.899247	0	0	40	214020
Single-Family Detached	MT	1940-59	0	1	32	45465.9	32	45465.9
Single-Family Detached	MT	1960-79	0	1	29	65042.8	29	65042.8
Single-Family Detached	MT	1980-99	0	1	31	70763.9	31	70763.9
Single-Family Detached	MT	2000-09	0	1	17	36113	17	36113
Single-Family Detached	MT	2010s	0	1	13	29005.6	13	29005.6
Single-Family Detached	MT	<1940	0	1	23	41488.5	23	41488.5
Mobile Home	NC	1940-59	0	1	0	0	14	139366
Mobile Home	NC	1960-79	0	1	4	40183	43	405173
Mobile Home	NC	1980-99	0	1	27	291820	27	291820
Mobile Home	NC	2000-09	0	1	7	64414	35	276329
Mobile Home	NC	2010s	0	1	1	8287.8	19	162496
Mobile Home	NC	<1940	0	1	0	0	14	139366
Multi-Family with 2 - 4 Units	NC	1940-59	0.341811	0.658189	0	0	34	112680
Multi-Family with 2 - 4 Units	NC	1960-79	0.418511	0.581489	4	38044.5	48	367858
Multi-Family with 2 - 4 Units	NC	1980-99	0.312325	0.687675	2	15366.8	43	369647
Multi-Family with 2 - 4 Units	NC	2000-09	0.313703	0.686297	2	15123.3	19	142541
Multi-Family with 2 - 4 Units	NC	2010s	0.52869	0.47131	4	29082.3	12	91067
Multi-Family with 2 - 4 Units	NC	<1940	0.561139	0.438861	0	0	23	84087.6
Multi-Family with 5+ Units	NC	1940-59	0.550315	0.449685	1	10222.1	72	213105
Multi-Family with 5+ Units	NC	1960-79	0.299579	0.700421	10	119491	10	119491
Multi-Family with 5+ Units	NC	1980-99	0.364199	0.635801	15	193739	15	193739
Multi-Family with 5+ Units	NC	2000-09	0.199875	0.800125	11	120714	11	120714
Multi-Family with 5+ Units	NC	2010s	0.290261	0.709739	13	130281	13	130281
Multi-Family with 5+ Units	NC	<1940	0.667289	0.332711	0	0	45	129938
Single-Family Attached	NC	1940-59	0.0427483	0.957252	4	16487.4	86	128148
Single-Family Attached	NC	1960-79	0.0385126	0.961487	7	51118.9	64	343202
Single-Family Attached	NC	1980-99	0.0174159	0.982584	12	68426.7	12	68426.7
Single-Family Attached	NC	2000-09	0.0159756	0.984024	17	93821.5	17	93821.5
Single-Family Attached	NC	2010s	0.0159756	0.984024	5	22328.3	47	211047
Single-Family Attached	NC	<1940	0.0175074	0.982493	3	19569.6	69	146409
Single-Family Detached	NC	1940-59	0	1	62	357357	62	357357
Single-Family Detached	NC	1960-79	0	1	64	517065	64	517065
Single-Family Detached	NC	1980-99	0	1	104	839951	104	839951
Single-Family Detached	NC	2000-09	0	1	65	460772	65	460772
Single-Family Detached	NC	2010s	0	1	38	252770	38	252770
Single-Family Detached	NC	<1940	0	1	34	236302	34	236302
Mobile Home	ND	1940-59	0	1	0	0	4	48874.3
Mobile Home	ND	1960-79	0	1	5	4913.96	17	70976.6
Mobile Home	ND	1980-99	0	1	5	4870.05	27	155969
Mobile Home	ND	2000-09	0	1	2	1661.81	14	78546.6
Mobile Home	ND	2010s	0	1	4	3983.25	22	109253
Mobile Home	ND	<1940	0	1	0	0	4	48874.3
Multi-Family with 2 - 4 Units	ND	1940-59	0.582285	0.417715	3	3364.25	16	48297.3
Multi-Family with 2 - 4 Units	ND	1960-79	0.592917	0.407083	4	4598.49	25	191462
Multi-Family with 2 - 4 Units	ND	1980-99	0.528255	0.471745	2	2207.54	13	79570.7
Multi-Family with 2 - 4 Units	ND	2000-09	0.554413	0.445587	2	2036.16	11	48578.9
Multi-Family with 2 - 4 Units	ND	2010s	0.539139	0.460861	2	2209.31	17	66169.8
Multi-Family with 2 - 4 Units	ND	<1940	0.643578	0.356422	0	0	11	79915.1
Multi-Family with 5+ Units	ND	1940-59	0.685626	0.314374	9	6786.02	30	103792
Multi-Family with 5+ Units	ND	1960-79	0.780838	0.219162	18	25358.4	18	25358.4
Multi-Family with 5+ Units	ND	1980-99	0.605512	0.394488	10	14936.1	10	14936.1
Multi-Family with 5+ Units	ND	2000-09	0.588217	0.411783	10	11685.2	10	11685.2
Multi-Family with 5+ Units	ND	2010s	0.941938	0.0580622	15	19911.9	15	19911.9
Multi-Family with 5+ Units	ND	<1940	0.659859	0.340141	6	6590.98	20	99847.5
Single-Family Attached	ND	1940-59	0.00769894	0.992301	3	593.158	13	31661.7
Single-Family Attached	ND	1960-79	0.107588	0.892412	5	3262.19	23	71397.8
Single-Family Attached	ND	1980-99	0.0692042	0.930796	12	7534.17	12	7534.17
Single-Family Attached	ND	2000-09	0	1	10	5715.87	10	5715.87
Single-Family Attached	ND	2010s	0	1	11	5932.35	11	5932.35
Single-Family Attached	ND	<1940	0.0171804	0.98282	3	1532.86	13	50854.4
Single-Family Detached	ND	1940-59	0	1	50	21832.6	50	21832.6
Single-Family Detached	ND	1960-79	0	1	65	57212.5	65	57212.5
Single-Family Detached	ND	1980-99	0	1	37	32511.7	37	32511.7
Single-Family Detached	ND	2000-09	0	1	24	17834.7	24	17834.7
Single-Family Detached	ND	2010s	0	1	23	18749.1	23	18749.1
Single-Family Detached	ND	<1940	0	1	37	27748.3	37	27748.3
Mobile Home	NE	1940-59	0	1	0	0	4	48874.3
Mobile Home	NE	1960-79	0	1	2	12044.1	17	70976.6
Mobile Home	NE	1980-99	0	1	1	4496.45	27	155969
Mobile Home	NE	2000-09	0	1	0	0	14	78546.6
Mobile Home	NE	2010s	0	1	0	0	22	109253
Mobile Home	NE	<1940	0	1	0	0	4	48874.3
Multi-Family with 2 - 4 Units	NE	1940-59	0.582285	0.417715	1	1257.39	16	48297.3
Multi-Family with 2 - 4 Units	NE	1960-79	0.592917	0.407083	1	4435.18	25	191462
Multi-Family with 2 - 4 Units	NE	1980-99	0.528255	0.471745	3	19212.7	13	79570.7
Multi-Family with 2 - 4 Units	NE	2000-09	0.554413	0.445587	2	7171.82	11	48578.9
Multi-Family with 2 - 4 Units	NE	2010s	0.539139	0.460861	0	0	17	66169.8
Multi-Family with 2 - 4 Units	NE	<1940	0.643578	0.356422	1	3249.39	11	79915.1
Multi-Family with 5+ Units	NE	1940-59	0.685626	0.314374	8	23480.8	30	103792
Multi-Family with 5+ Units	NE	1960-79	0.689201	0.310799	4	26490.5	52	314836
Multi-Family with 5+ Units	NE	1980-99	0.636647	0.363353	7	41777.2	55	417544
Multi-Family with 5+ Units	NE	2000-09	0.489434	0.510566	3	17519.3	29	146016
Multi-Family with 5+ Units	NE	2010s	0.825241	0.174759	3	17374.5	37	182621
Multi-Family with 5+ Units	NE	<1940	0.659859	0.340141	6	34143.8	20	99847.5
Single-Family Attached	NE	1940-59	0.00769894	0.992301	1	2753.13	13	31661.7
Single-Family Attached	NE	1960-79	0.107588	0.892412	4	9678.96	23	71397.8
Single-Family Attached	NE	1980-99	0.0692042	0.930796	3	7571.71	54	172451
Single-Family Attached	NE	2000-09	0	1	2	3965.26	32	72783
Single-Family Attached	NE	2010s	0	1	2	5666.73	29	60757
Single-Family Attached	NE	<1940	0.0171804	0.98282	0	0	13	50854.4
Single-Family Detached	NE	1940-59	0	1	48	112616	48	112616
Single-Family Detached	NE	1960-79	0	1	38	135830	38	135830
Single-Family Detached	NE	1980-99	0	1	29	104745	29	104745
Single-Family Detached	NE	2000-09	0	1	15	45675.7	15	45675.7
Single-Family Detached	NE	2010s	0	1	12	40848.7	12	40848.7
Single-Family Detached	NE	<1940	0	1	26	83197.6	26	83197.6
Mobile Home	NH	1940-59	0	1	0	0	6	31900.9
Mobile Home	NH	1960-79	0	1	5	16836.8	18	51323.9
Mobile Home	NH	1980-99	0	1	2	7269.77	22	54872.2
Mobile Home	NH	2000-09	0	1	1	3402.43	10	24027.2
Mobile Home	NH	2010s	0	1	0	0	12	28266.3
Mobile Home	NH	<1940	0	1	0	0	6	31900.9
Multi-Family with 2 - 4 Units	NH	1940-59	0.438291	0.561709	7	11828.1	94	199062
Multi-Family with 2 - 4 Units	NH	1960-79	0.601268	0.398732	2	7754.15	43	261620
Multi-Family with 2 - 4 Units	NH	1980-99	0.673592	0.326408	0	0	17	104052
Multi-Family with 2 - 4 Units	NH	2000-09	0.3877	0.6123	0	0	10	53709.2
Multi-Family with 2 - 4 Units	NH	2010s	0.3877	0.6123	0	0	10	53709.2
Multi-Family with 2 - 4 Units	NH	<1940	0.510592	0.489408	6	18258.2	86	376441
Multi-Family with 5+ Units	NH	1940-59	0.801367	0.198633	6	10541.7	62	139659
Multi-Family with 5+ Units	NH	1960-79	0.695859	0.304141	5	18453	60	314005
Multi-Family with 5+ Units	NH	1980-99	0.552679	0.447321	10	38796.3	10	38796.3
Multi-Family with 5+ Units	NH	2000-09	0.488928	0.511072	3	13198	17	86259.6
Multi-Family with 5+ Units	NH	2010s	0.714109	0.285891	2	5607.44	25	95047.9
Multi-Family with 5+ Units	NH	<1940	0.781155	0.218845	5	17651.8	51	208433
Single-Family Attached	NH	1940-59	0.168737	0.831263	4	2105.62	37	37860.8
Single-Family Attached	NH	1960-79	0.183034	0.816966	1	1531.9	19	35310.8
Single-Family Attached	NH	1980-99	0.0810969	0.918903	5	8224.66	56	113696
Single-Family Attached	NH	2000-09	0.183765	0.816235	4	6818.07	23	43234.7
Single-Family Attached	NH	2010s	0.183765	0.816235	3	4098.21	13	22801.4
Single-Family Attached	NH	<1940	0.177492	0.822508	4	5441.39	29	47099.4
Single-Family Detached	NH	1940-59	0	1	31	50210.4	31	50210.4
Single-Family Detached	NH	1960-79	0	1	30	83939.5	30	83939.5
Single-Family Detached	NH	1980-99	0	1	36	104478	36	104478
Single-Family Detached	NH	2000-09	0	1	10	29671.6	10	29671.6
Single-Family Detached	NH	2010s	0	1	8	16163.1	67	134674
Single-Family Detached	NH	<1940	0	1	23	56163.2	23	56163.2
Mobile Home	NJ	1940-59	0	1	0	0	6	31900.9
Mobile Home	NJ	1960-79	0	1	1	10991	12	102740
Mobile Home	NJ	1980-99	0	1	4	26136.1	23	174791
Mobile Home	NJ	2000-09	0	1	0	0	20	81730.7
Mobile Home	NJ	2010s	0	1	0	0	20	81730.7
Mobile Home	NJ	<1940	0	1	0	0	6	31900.9
Multi-Family with 2 - 4 Units	NJ	1940-59	0.757142	0.242858	15	72357.4	15	72357.4
Multi-Family with 2 - 4 Units	NJ	1960-79	0.664894	0.335106	12	145437	12	145437
Multi-Family with 2 - 4 Units	NJ	1980-99	0.412689	0.587311	12	129971	12	129971
Multi-Family with 2 - 4 Units	NJ	2000-09	0.440737	0.559263	3	31473.6	19	172516
Multi-Family with 2 - 4 Units	NJ	2010s	0.326157	0.673843	1	7923.1	10	76966.6
Multi-Family with 2 - 4 Units	NJ	<1940	0.630671	0.369329	13	122957	13	122957
Multi-Family with 5+ Units	NJ	1940-59	0.660553	0.339447	14	70630	14	70630
Multi-Family with 5+ Units	NJ	1960-79	1	0	21	211106	21	211106
Multi-Family with 5+ Units	NJ	1980-99	0.435065	0.564935	21	191231	21	191231
Multi-Family with 5+ Units	NJ	2000-09	0.793663	0.206337	8	67432.6	32	299015
Multi-Family with 5+ Units	NJ	2010s	0.624692	0.375308	9	62131.1	42	294058
Multi-Family with 5+ Units	NJ	<1940	0.657775	0.342225	11	96251.4	11	96251.4
Single-Family Attached	NJ	1940-59	0.145506	0.854494	7	19840.9	80	280006
Single-Family Attached	NJ	1960-79	0.165434	0.834566	13	82604.4	13	82604.4
Single-Family Attached	NJ	1980-99	0.021273	0.978727	22	116366	22	116366
Single-Family Attached	NJ	2000-09	0.161355	0.838645	12	68213.6	12	68213.6
Single-Family Attached	NJ	2010s	0.161355	0.838645	4	13593.5	21	87264.7
Single-Family Attached	NJ	<1940	0.134529	0.865471	7	51273.6	65	439345
Single-Family Detached	NJ	1940-59	0	1	116	489688	116	489688
Single-Family Detached	NJ	1960-79	0	1	83	506250	83	506250
Single-Family Detached	NJ	1980-99	0	1	50	289933	50	289933
Single-Family Detached	NJ	2000-09	0	1	19	114420	19	114420
Single-Family Detached	NJ	2010s	0	1	9	37050.6	52	236639
Single-Family Detached	NJ	<1940	0	1	63	358720	63	358720
Mobile Home	NM	1940-59	0	1	1	6016.86	7	38257
Mobile Home	NM	1960-79	0	1	5	22319.3	19	106085
Mobile Home	NM	1980-99	0	1	12	66824.2	12	66824.2
Mobile Home	NM	2000-09	0	1	4	17281.5	10	50661.8
Mobile Home	NM	2010s	0	1	0	0	15	76967.5
Mobile Home	NM	<1940	0	1	0	0	7	38257
Multi-Family with 2 - 4 Units	NM	1940-59	0.371776	0.628224	1	6363.2	39	378787
Multi-Family with 2 - 4 Units	NM	1960-79	0.0879832	0.912017	4	26999	10	78448
Multi-Family with 2 - 4 Units	NM	1980-99	0.384655	0.615345	4	27107.2	15	127151
Multi-Family with 2 - 4 Units	NM	2000-09	0.324073	0.675927	0	0	26	194504
Multi-Family with 2 - 4 Units	NM	2010s	0.324073	0.675927	0	0	26	194504
Multi-Family with 2 - 4 Units	NM	<1940	0.371776	0.628224	0	0	39	378787
Multi-Family with 5+ Units	NM	1940-59	0.679583	0.320417	0	0	72	866832
Multi-Family with 5+ Units	NM	1960-79	0.311578	0.688422	6	31828	30	230187
Multi-Family with 5+ Units	NM	1980-99	0.269622	0.730378	3	17896.2	33	260495
Multi-Family with 5+ Units	NM	2000-09	0.304549	0.695451	4	26485.8	23	172482
Multi-Family with 5+ Units	NM	2010s	0.269144	0.730856	0	0	29	211883
Multi-Family with 5+ Units	NM	<1940	0.679583	0.320417	0	0	72	866832
Single-Family Attached	NM	1940-59	0.100753	0.899247	2	3738.82	40	214020
Single-Family Attached	NM	1960-79	0	1	5	10006.2	18	40186.1
Single-Family Attached	NM	1980-99	0.0370574	0.962943	3	7123.31	26	73349.3
Single-Family Attached	NM	2000-09	0	1	1	1546.16	20	50713.6
Single-Family Attached	NM	2010s	0	1	1	2395.01	29	71594.9
Single-Family Attached	NM	<1940	0.100753	0.899247	1	1692.1	40	214020
Single-Family Detached	NM	1940-59	0	1	14	56808.9	14	56808.9
Single-Family Detached	NM	1960-79	0	1	34	137040	34	137040
Single-Family Detached	NM	1980-99	0	1	34	153548	34	153548
Single-Family Detached	NM	2000-09	0	1	24	94077.8	24	94077.8
Single-Family Detached	NM	2010s	0	1	16	57221.4	16	57221.4
Single-Family Detached	NM	<1940	0	1	4	12735	24	92787.3
Mobile Home	NV	1940-59	0	1	1	7514.34	7	38257
Mobile Home	NV	1960-79	0	1	4	19602.9	19	106085
Mobile Home	NV	1980-99	0	1	6	35653.1	36	221406
Mobile Home	NV	2000-09	0	1	1	7353.61	10	50661.8
Mobile Home	NV	2010s	0	1	1	4136.11	15	76967.5
Mobile Home	NV	<1940	0	1	0	0	7	38257
Multi-Family with 2 - 4 Units	NV	1940-59	0.371776	0.628224	0	0	39	378787
Multi-Family with 2 - 4 Units	NV	1960-79	0.0879832	0.912017	0	0	10	78448
Multi-Family with 2 - 4 Units	NV	1980-99	0.384655	0.615345	5	42180.8	15	127151
Multi-Family with 2 - 4 Units	NV	2000-09	0.324073	0.675927	4	28192.4	26	194504
Multi-Family with 2 - 4 Units	NV	2010s	0.324073	0.675927	1	7595.96	26	194504
Multi-Family with 2 - 4 Units	NV	<1940	0.371776	0.628224	0	0	39	378787
Multi-Family with 5+ Units	NV	1940-59	0.679583	0.320417	1	2365.96	72	866832
Multi-Family with 5+ Units	NV	1960-79	0.311578	0.688422	7	53709.3	30	230187
Multi-Family with 5+ Units	NV	1980-99	0.304491	0.695509	13	107184	13	107184
Multi-Family with 5+ Units	NV	2000-09	0.304549	0.695451	9	65521.3	23	172482
Multi-Family with 5+ Units	NV	2010s	0.269144	0.730856	5	32628.2	29	211883
Multi-Family with 5+ Units	NV	<1940	0.679583	0.320417	1	6114.18	72	866832
Single-Family Attached	NV	1940-59	0.100753	0.899247	3	6504.42	40	214020
Single-Family Attached	NV	1960-79	0	1	2	5220.82	18	40186.1
Single-Family Attached	NV	1980-99	0.0370574	0.962943	11	28743	11	28743
Single-Family Attached	NV	2000-09	0	1	7	16748	20	50713.6
Single-Family Attached	NV	2010s	0	1	3	7272.93	29	71594.9
Single-Family Attached	NV	<1940	0.100753	0.899247	1	1911.94	40	214020
Single-Family Detached	NV	1940-59	0	1	14	43096.1	14	43096.1
Single-Family Detached	NV	1960-79	0	1	22	92582.5	22	92582.5
Single-Family Detached	NV	1980-99	0	1	51	250932	51	250932
Single-Family Detached	NV	2000-09	0	1	37	151947	37	151947
Single-Family Detached	NV	2010s	0	1	23	86215.2	23	86215.2
Single-Family Detached	NV	<1940	0	1	8	28482.7	24	92787.3
Mobile Home	NY	1940-59	0	1	3	26264.4	6	31900.9
Mobile Home	NY	1960-79	0	1	6	45610.8	12	102740
Mobile Home	NY	1980-99	0	1	13	97953.9	13	97953.9
Mobile Home	NY	2000-09	0	1	2	11284.2	20	81730.7
Mobile Home	NY	2010s	0	1	2	11881	20	81730.7
Mobile Home	NY	<1940	0	1	0	0	6	31900.9
Multi-Family with 2 - 4 Units	NY	1940-59	0.517112	0.482888	54	354057	54	354057
Multi-Family with 2 - 4 Units	NY	1960-79	0.615843	0.384157	22	250288	22	250288
Multi-Family with 2 - 4 Units	NY	1980-99	0.510073	0.489927	16	193930	16	193930
Multi-Family with 2 - 4 Units	NY	2000-09	0.440737	0.559263	5	51786.8	19	172516
Multi-Family with 2 - 4 Units	NY	2010s	0.326157	0.673843	6	43927.5	10	76966.6
Multi-Family with 2 - 4 Units	NY	<1940	0.449196	0.550804	36	351605	36	351605
Multi-Family with 5+ Units	NY	1940-59	0.88417	0.11583	110	590896	110	590896
Multi-Family with 5+ Units	NY	1960-79	0.832954	0.167046	56	588789	56	588789
Multi-Family with 5+ Units	NY	1980-99	0.812902	0.187098	33	332250	33	332250
Multi-Family with 5+ Units	NY	2000-09	0.892571	0.107429	16	153607	16	153607
Multi-Family with 5+ Units	NY	2010s	0.783175	0.216825	25	176395	25	176395
Multi-Family with 5+ Units	NY	<1940	0.879955	0.120045	83	755945	83	755945
Single-Family Attached	NY	1940-59	0.151894	0.848106	21	88425.6	21	88425.6
Single-Family Attached	NY	1960-79	0.165434	0.834566	12	77775.6	12	77775.6
Single-Family Attached	NY	1980-99	0.021273	0.978727	26	157445	26	157445
Single-Family Attached	NY	2000-09	0.161355	0.838645	6	36344.1	33	193156
Single-Family Attached	NY	2010s	0.161355	0.838645	9	34826.3	21	87264.7
Single-Family Attached	NY	<1940	0.134529	0.865471	13	86496.7	13	86496.7
Single-Family Detached	NY	1940-59	0	1	239	938326	239	938326
Single-Family Detached	NY	1960-79	0	1	103	616213	103	616213
Single-Family Detached	NY	1980-99	0	1	75	428805	75	428805
Single-Family Detached	NY	2000-09	0	1	25	142380	25	142380
Single-Family Detached	NY	2010s	0	1	19	81344	19	81344
Single-Family Detached	NY	<1940	0	1	140	796267	140	796267
Mobile Home	OH	1940-59	0	1	1	6650.5	4	48874.3
Mobile Home	OH	1960-79	0	1	3	40370.8	16	146938
Mobile Home	OH	1980-99	0	1	5	81362.3	25	275302
Mobile Home	OH	2000-09	0	1	2	25965.5	20	166499
Mobile Home	OH	2010s	0	1	3	34113.9	11	88611.7
Mobile Home	OH	<1940	0	1	1	17186.4	4	48874.3
Multi-Family with 2 - 4 Units	OH	1940-59	0.487742	0.512258	5	70707.3	41	290832
Multi-Family with 2 - 4 Units	OH	1960-79	0.399147	0.600853	5	107197	22	337480
Multi-Family with 2 - 4 Units	OH	1980-99	0.357342	0.642658	2	44089	19	312752
Multi-Family with 2 - 4 Units	OH	2000-09	0.371913	0.628087	1	19623.9	12	164972
Multi-Family with 2 - 4 Units	OH	2010s	0.371913	0.628087	0	0	12	164972
Multi-Family with 2 - 4 Units	OH	<1940	0.390813	0.609187	3	56154.4	33	379684
Multi-Family with 5+ Units	OH	1940-59	0.66349	0.33651	9	72481.4	41	282805
Multi-Family with 5+ Units	OH	1960-79	0.497066	0.502934	14	275221	14	275221
Multi-Family with 5+ Units	OH	1980-99	0.574755	0.425245	4	81615.8	56	705562
Multi-Family with 5+ Units	OH	2000-09	0.541754	0.458246	6	94267.3	37	408042
Multi-Family with 5+ Units	OH	2010s	0.646156	0.353844	3	43230.1	26	236132
Multi-Family with 5+ Units	OH	<1940	0.615892	0.384108	8	126544	29	332329
Single-Family Attached	OH	1940-59	0.00958945	0.990411	5	11332.1	22	66150.7
Single-Family Attached	OH	1960-79	0	1	3	20307	50	210301
Single-Family Attached	OH	1980-99	0	1	13	89968.5	13	89968.5
Single-Family Attached	OH	2000-09	0	1	5	29197.4	48	184708
Single-Family Attached	OH	2010s	0	1	2	10638.8	14	56120.7
Single-Family Attached	OH	<1940	0.0328217	0.967178	5	29284.8	12	49945.7
Single-Family Detached	OH	1940-59	0	1	88	751635	88	751635
Single-Family Detached	OH	1960-79	0	1	59	743868	59	743868
Single-Family Detached	OH	1980-99	0	1	53	743201	53	743201
Single-Family Detached	OH	2000-09	0	1	29	327156	29	327156
Single-Family Detached	OH	2010s	0	1	19	179718	19	179718
Single-Family Detached	OH	<1940	0	1	53	605914	53	605914
Mobile Home	OK	1940-59	0	1	0	0	14	139366
Mobile Home	OK	1960-79	0	1	4	33375.7	21	148279
Mobile Home	OK	1980-99	0	1	8	61491.4	63	550124
Mobile Home	OK	2000-09	0	1	4	30335	27	202184
Mobile Home	OK	2010s	0	1	2	12022.2	21	199978
Mobile Home	OK	<1940	0	1	0	0	14	139366
Multi-Family with 2 - 4 Units	OK	1940-59	0.425913	0.574087	1	7958.57	45	274727
Multi-Family with 2 - 4 Units	OK	1960-79	0.343127	0.656873	2	15404.5	21	200201
Multi-Family with 2 - 4 Units	OK	1980-99	0.423997	0.576003	2	15226	38	379772
Multi-Family with 2 - 4 Units	OK	2000-09	0.523685	0.476315	0	0	14	117748
Multi-Family with 2 - 4 Units	OK	2010s	0.560094	0.439906	1	5433.38	20	159410
Multi-Family with 2 - 4 Units	OK	<1940	0.425913	0.574087	0	0	45	274727
Multi-Family with 5+ Units	OK	1940-59	0.456766	0.543234	3	27294.5	13	86387.1
Multi-Family with 5+ Units	OK	1960-79	0.481439	0.518561	3	29344.8	42	555289
Multi-Family with 5+ Units	OK	1980-99	0.517579	0.482421	7	71650.6	58	804857
Multi-Family with 5+ Units	OK	2000-09	0.247848	0.752152	3	25218.5	34	422679
Multi-Family with 5+ Units	OK	2010s	0.337781	0.662219	2	21385.1	42	556097
Multi-Family with 5+ Units	OK	<1940	0.599659	0.400341	1	8754.23	13	145537
Single-Family Attached	OK	1940-59	0.0730889	0.926911	3	8565.16	18	43713.3
Single-Family Attached	OK	1960-79	0	1	4	12549.3	24	94274.9
Single-Family Attached	OK	1980-99	0	1	4	12445.4	26	85423.5
Single-Family Attached	OK	2000-09	0.0559082	0.944092	2	4805.14	19	66795.7
Single-Family Attached	OK	2010s	0.0559082	0.944092	1	2232.5	13	46828.6
Single-Family Attached	OK	<1940	0.0620885	0.937912	0	0	10	27220
Single-Family Detached	OK	1940-59	0	1	37	192566	37	192566
Single-Family Detached	OK	1960-79	0	1	55	346055	55	346055
Single-Family Detached	OK	1980-99	0	1	37	218667	37	218667
Single-Family Detached	OK	2000-09	0	1	28	152185	28	152185
Single-Family Detached	OK	2010s	0	1	19	99088.4	19	99088.4
Single-Family Detached	OK	<1940	0	1	15	78778.6	15	78778.6
Mobile Home	OR	1940-59	0	1	0	0	7	38257
Mobile Home	OR	1960-79	0	1	9	53180.3	43	425430
Mobile Home	OR	1980-99	0	1	13	71329.7	13	71329.7
Mobile Home	OR	2000-09	0	1	3	13161.8	10	67547
Mobile Home	OR	2010s	0	1	0	0	13	86766.8
Mobile Home	OR	<1940	0	1	0	0	7	38257
Multi-Family with 2 - 4 Units	OR	1940-59	0.50198	0.49802	2	7441.45	23	175889
Multi-Family with 2 - 4 Units	OR	1960-79	0.449359	0.550641	2	13269.1	32	458148
Multi-Family with 2 - 4 Units	OR	1980-99	0.387713	0.612287	2	12818.5	30	436621
Multi-Family with 2 - 4 Units	OR	2000-09	0.238482	0.761518	0	0	13	111284
Multi-Family with 2 - 4 Units	OR	2010s	0.238482	0.761518	1	6529.88	13	111284
Multi-Family with 2 - 4 Units	OR	<1940	0.153701	0.846299	1	5077.74	14	129825
Multi-Family with 5+ Units	OR	1940-59	0.673247	0.326753	6	20205	52	385174
Multi-Family with 5+ Units	OR	1960-79	0.478882	0.521118	12	84711	12	84711
Multi-Family with 5+ Units	OR	1980-99	0.0792499	0.92075	13	102951	13	102951
Multi-Family with 5+ Units	OR	2000-09	0.546885	0.453115	5	31659.7	53	561933
Multi-Family with 5+ Units	OR	2010s	0.597844	0.402156	7	41934.9	50	466828
Multi-Family with 5+ Units	OR	<1940	0.724551	0.275449	4	21386.5	36	378024
Single-Family Attached	OR	1940-59	0.11089	0.88911	2	4136.87	20	82946
Single-Family Attached	OR	1960-79	0.0891522	0.910848	8	29229.2	60	397268
Single-Family Attached	OR	1980-99	0.0188239	0.981176	4	13662.6	60	403617
Single-Family Attached	OR	2000-09	0	1	6	18605.6	23	114354
Single-Family Attached	OR	2010s	0	1	0	0	12	56772.7
Single-Family Attached	OR	<1940	0.100651	0.899349	1	2768.97	12	69888.1
Single-Family Detached	OR	1940-59	0	1	57	176054	57	176054
Single-Family Detached	OR	1960-79	0	1	62	311314	62	311314
Single-Family Detached	OR	1980-99	0	1	50	253496	50	253496
Single-Family Detached	OR	2000-09	0	1	27	124080	27	124080
Single-Family Detached	OR	2010s	0	1	22	95382.6	22	95382.6
Single-Family Detached	OR	<1940	0	1	33	139769	33	139769
Mobile Home	PA	1940-59	0	1	0	0	6	31900.9
Mobile Home	PA	1960-79	0	1	5	46137.8	12	102740
Mobile Home	PA	1980-99	0	1	6	50700.8	23	174791
Mobile Home	PA	2000-09	0	1	4	30299.1	20	81730.7
Mobile Home	PA	2010s	0	1	0	0	20	81730.7
Mobile Home	PA	<1940	0	1	0	0	6	31900.9
Multi-Family with 2 - 4 Units	PA	1940-59	0.626762	0.373238	15	83438.7	15	83438.7
Multi-Family with 2 - 4 Units	PA	1960-79	0.524995	0.475005	10	120010	10	120010
Multi-Family with 2 - 4 Units	PA	1980-99	0.505144	0.494856	4	37555.2	32	361456
Multi-Family with 2 - 4 Units	PA	2000-09	0.440737	0.559263	1	12288.6	19	172516
Multi-Family with 2 - 4 Units	PA	2010s	0.326157	0.673843	3	25116	10	76966.6
Multi-Family with 2 - 4 Units	PA	<1940	0.583728	0.416272	12	116975	12	116975
Multi-Family with 5+ Units	PA	1940-59	0.746424	0.253576	20	137995	20	137995
Multi-Family with 5+ Units	PA	1960-79	0.652984	0.347016	22	226057	22	226057
Multi-Family with 5+ Units	PA	1980-99	0.826282	0.173718	11	102699	11	102699
Multi-Family with 5+ Units	PA	2000-09	0.793663	0.206337	8	77974.8	32	299015
Multi-Family with 5+ Units	PA	2010s	0.624692	0.375308	8	55531.6	42	294058
Multi-Family with 5+ Units	PA	<1940	0.336488	0.663512	11	96664.2	11	96664.2
Single-Family Attached	PA	1940-59	0.143484	0.856516	52	171740	52	171740
Single-Family Attached	PA	1960-79	0.165434	0.834566	19	135527	19	135527
Single-Family Attached	PA	1980-99	0.021273	0.978727	13	84547.6	13	84547.6
Single-Family Attached	PA	2000-09	0.161355	0.838645	15	88598.3	15	88598.3
Single-Family Attached	PA	2010s	0.161355	0.838645	8	38844.8	21	87264.7
Single-Family Attached	PA	<1940	0.134529	0.865471	45	301575	45	301575
Single-Family Detached	PA	1940-59	0	1	167	796465	167	796465
Single-Family Detached	PA	1960-79	0	1	98	739405	98	739405
Single-Family Detached	PA	1980-99	0	1	69	504830	69	504830
Single-Family Detached	PA	2000-09	0	1	35	242709	35	242709
Single-Family Detached	PA	2010s	0	1	24	118245	24	118245
Single-Family Detached	PA	<1940	0	1	100	686472	100	686472
Mobile Home	RI	1940-59	0	1	0	0	6	31900.9
Mobile Home	RI	1960-79	0	1	1	2034.23	18	51323.9
Mobile Home	RI	1980-99	0	1	1	2183.18	22	54872.2
Mobile Home	RI	2000-09	0	1	1	1960.96	10	24027.2
Mobile Home	RI	2010s	0	1	0	0	12	28266.3
Mobile Home	RI	<1940	0	1	0	0	6	31900.9
Multi-Family with 2 - 4 Units	RI	1940-59	0.438291	0.561709	9	12322.1	94	199062
Multi-Family with 2 - 4 Units	RI	1960-79	0.601268	0.398732	8	27160.4	43	261620
Multi-Family with 2 - 4 Units	RI	1980-99	0.673592	0.326408	2	9350.96	17	104052
Multi-Family with 2 - 4 Units	RI	2000-09	0.3877	0.6123	0	0	10	53709.2
Multi-Family with 2 - 4 Units	RI	2010s	0.3877	0.6123	0	0	10	53709.2
Multi-Family with 2 - 4 Units	RI	<1940	0.510592	0.489408	8	22112.1	86	376441
Multi-Family with 5+ Units	RI	1940-59	0.801367	0.198633	9	17827.6	62	139659
Multi-Family with 5+ Units	RI	1960-79	0.695859	0.304141	7	19755.1	60	314005
Multi-Family with 5+ Units	RI	1980-99	0.706309	0.293691	6	15629.8	53	260274
Multi-Family with 5+ Units	RI	2000-09	0.488928	0.511072	1	2183.68	17	86259.6
Multi-Family with 5+ Units	RI	2010s	0.714109	0.285891	2	4485.71	25	95047.9
Multi-Family with 5+ Units	RI	<1940	0.781155	0.218845	6	16439.7	51	208433
Single-Family Attached	RI	1940-59	0.168737	0.831263	3	2504.07	37	37860.8
Single-Family Attached	RI	1960-79	0.183034	0.816966	0	0	19	35310.8
Single-Family Attached	RI	1980-99	0.0810969	0.918903	2	2091.54	56	113696
Single-Family Attached	RI	2000-09	0.183765	0.816235	4	4915.17	23	43234.7
Single-Family Attached	RI	2010s	0.183765	0.816235	2	2494.38	13	22801.4
Single-Family Attached	RI	<1940	0.177492	0.822508	2	1918.05	29	47099.4
Single-Family Detached	RI	1940-59	0	1	50	52962.7	50	52962.7
Single-Family Detached	RI	1960-79	0	1	41	69158.7	41	69158.7
Single-Family Detached	RI	1980-99	0	1	30	54853.4	30	54853.4
Single-Family Detached	RI	2000-09	0	1	7	12580.3	99	269016
Single-Family Detached	RI	2010s	0	1	5	5876.34	67	134674
Single-Family Detached	RI	<1940	0	1	36	55888.9	36	55888.9
Mobile Home	SC	1940-59	0	1	1	7878.44	14	139366
Mobile Home	SC	1960-79	0	1	7	50664.4	43	405173
Mobile Home	SC	1980-99	0	1	22	161319	22	161319
Mobile Home	SC	2000-09	0	1	8	51644.1	35	276329
Mobile Home	SC	2010s	0	1	2	13162.3	19	162496
Mobile Home	SC	<1940	0	1	0	0	14	139366
Multi-Family with 2 - 4 Units	SC	1940-59	0.341811	0.658189	1	2150.96	34	112680
Multi-Family with 2 - 4 Units	SC	1960-79	0.418511	0.581489	5	31952.3	48	367858
Multi-Family with 2 - 4 Units	SC	1980-99	0.312325	0.687675	7	40568.4	43	369647
Multi-Family with 2 - 4 Units	SC	2000-09	0.313703	0.686297	3	13848.6	19	142541
Multi-Family with 2 - 4 Units	SC	2010s	0.52869	0.47131	2	10334.4	12	91067
Multi-Family with 2 - 4 Units	SC	<1940	0.561139	0.438861	1	5558.59	23	84087.6
Multi-Family with 5+ Units	SC	1940-59	0.550315	0.449685	1	7838.77	72	213105
Multi-Family with 5+ Units	SC	1960-79	0.43835	0.56165	5	38503.8	118	1.27333e+06
Multi-Family with 5+ Units	SC	1980-99	0.295046	0.704954	8	62693.6	127	1.44448e+06
Multi-Family with 5+ Units	SC	2000-09	0.41465	0.58535	5	34957	91	852085
Multi-Family with 5+ Units	SC	2010s	0.374218	0.625782	9	61814.7	74	593143
Multi-Family with 5+ Units	SC	<1940	0.667289	0.332711	0	0	45	129938
Single-Family Attached	SC	1940-59	0.0427483	0.957252	2	9997.15	86	128148
Single-Family Attached	SC	1960-79	0.0385126	0.961487	6	25108.4	64	343202
Single-Family Attached	SC	1980-99	0.0174159	0.982584	5	24006.2	109	618810
Single-Family Attached	SC	2000-09	0.0159756	0.984024	9	33888.6	87	475896
Single-Family Attached	SC	2010s	0.0159756	0.984024	1	4469.33	47	211047
Single-Family Attached	SC	<1940	0.0175074	0.982493	0	0	69	146409
Single-Family Detached	SC	1940-59	0	1	28	130616	28	130616
Single-Family Detached	SC	1960-79	0	1	51	301107	51	301107
Single-Family Detached	SC	1980-99	0	1	55	329751	55	329751
Single-Family Detached	SC	2000-09	0	1	46	236502	46	236502
Single-Family Detached	SC	2010s	0	1	45	219792	45	219792
Single-Family Detached	SC	<1940	0	1	12	60408.4	12	60408.4
Mobile Home	SD	1940-59	0	1	0	0	4	48874.3
Mobile Home	SD	1960-79	0	1	3	5974.2	17	70976.6
Mobile Home	SD	1980-99	0	1	3	6373.57	27	155969
Mobile Home	SD	2000-09	0	1	1	1895.54	14	78546.6
Mobile Home	SD	2010s	0	1	1	1932.05	22	109253
Mobile Home	SD	<1940	0	1	0	0	4	48874.3
Multi-Family with 2 - 4 Units	SD	1940-59	0.582285	0.417715	0	0	16	48297.3
Multi-Family with 2 - 4 Units	SD	1960-79	0.592917	0.407083	2	5831.42	25	191462
Multi-Family with 2 - 4 Units	SD	1980-99	0.528255	0.471745	1	2933.67	13	79570.7
Multi-Family with 2 - 4 Units	SD	2000-09	0.554413	0.445587	1	2529.3	11	48578.9
Multi-Family with 2 - 4 Units	SD	2010s	0.539139	0.460861	2	4724.18	17	66169.8
Multi-Family with 2 - 4 Units	SD	<1940	0.643578	0.356422	0	0	11	79915.1
Multi-Family with 5+ Units	SD	1940-59	0.685626	0.314374	1	1040.82	30	103792
Multi-Family with 5+ Units	SD	1960-79	0.689201	0.310799	4	13083	52	314836
Multi-Family with 5+ Units	SD	1980-99	0.636647	0.363353	6	19022.3	55	417544
Multi-Family with 5+ Units	SD	2000-09	0.489434	0.510566	3	7242.5	29	146016
Multi-Family with 5+ Units	SD	2010s	0.825241	0.174759	6	18981.6	37	182621
Multi-Family with 5+ Units	SD	<1940	0.659859	0.340141	1	2689.73	20	99847.5
Single-Family Attached	SD	1940-59	0.00769894	0.992301	0	0	13	31661.7
Single-Family Attached	SD	1960-79	0.107588	0.892412	1	1720.4	23	71397.8
Single-Family Attached	SD	1980-99	0.0692042	0.930796	4	4602.83	54	172451
Single-Family Attached	SD	2000-09	0	1	2	1941.23	32	72783
Single-Family Attached	SD	2010s	0	1	6	7579.86	29	60757
Single-Family Attached	SD	<1940	0.0171804	0.98282	0	0	13	50854.4
Single-Family Detached	SD	1940-59	0	1	38	38639.8	38	38639.8
Single-Family Detached	SD	1960-79	0	1	38	66811.1	38	66811.1
Single-Family Detached	SD	1980-99	0	1	21	35924	21	35924
Single-Family Detached	SD	2000-09	0	1	21	30949.8	21	30949.8
Single-Family Detached	SD	2010s	0	1	18	28752.8	18	28752.8
Single-Family Detached	SD	<1940	0	1	23	35249.2	23	35249.2
Mobile Home	TN	1940-59	0	1	4	5238.38	14	139366
Mobile Home	TN	1960-79	0	1	9	48895.7	26	151856
Mobile Home	TN	1980-99	0	1	19	103728	19	103728
Mobile Home	TN	2000-09	0	1	7	28140	30	133689
Mobile Home	TN	2010s	0	1	4	22178.1	12	68886
Mobile Home	TN	<1940	0	1	4	13537.2	14	139366
Multi-Family with 2 - 4 Units	TN	1940-59	0.425913	0.574087	3	15668.7	45	274727
Multi-Family with 2 - 4 Units	TN	1960-79	0.429767	0.570233	5	33002.3	19	128286
Multi-Family with 2 - 4 Units	TN	1980-99	0.0375997	0.9624	7	45589.5	19	131448
Multi-Family with 2 - 4 Units	TN	2000-09	0.166533	0.833467	3	15020.6	11	68078.1
Multi-Family with 2 - 4 Units	TN	2010s	0.374415	0.625585	4	25886.2	18	113189
Multi-Family with 2 - 4 Units	TN	<1940	0.425913	0.574087	1	3783.4	45	274727
Multi-Family with 5+ Units	TN	1940-59	0.584911	0.415089	3	22389.9	92	543687
Multi-Family with 5+ Units	TN	1960-79	0.351074	0.648926	9	74597.7	26	208133
Multi-Family with 5+ Units	TN	1980-99	0.319451	0.680549	14	117833	14	117833
Multi-Family with 5+ Units	TN	2000-09	0.179096	0.820904	7	38679.5	19	119460
Multi-Family with 5+ Units	TN	2010s	0.542602	0.457398	11	77532.7	11	77532.7
Multi-Family with 5+ Units	TN	<1940	0.584911	0.415089	1	5027.77	92	543687
Single-Family Attached	TN	1940-59	0.0380286	0.961971	2	3131.9	108	355335
Single-Family Attached	TN	1960-79	0.0324798	0.96752	10	21796.8	10	21796.8
Single-Family Attached	TN	1980-99	0.0139128	0.986087	9	20762.1	35	81759.5
Single-Family Attached	TN	2000-09	0	1	4	8408.35	15	27328
Single-Family Attached	TN	2010s	0	1	7	14105.9	15	29245.3
Single-Family Attached	TN	<1940	0.0380286	0.961971	1	1307.24	108	355335
Single-Family Detached	TN	1940-59	0	1	80	253434	80	253434
Single-Family Detached	TN	1960-79	0	1	85	472219	85	472219
Single-Family Detached	TN	1980-99	0	1	97	554731	97	554731
Single-Family Detached	TN	2000-09	0	1	75	301066	75	301066
Single-Family Detached	TN	2010s	0	1	27	138637	27	138637
Single-Family Detached	TN	<1940	0	1	52	171187	52	171187
Mobile Home	TX	1940-59	0	1	1	11821	14	139366
Mobile Home	TX	1960-79	0	1	4	45720.2	21	148279
Mobile Home	TX	1980-99	0	1	29	343761	29	343761
Mobile Home	TX	2000-09	0	1	7	76569	27	202184
Mobile Home	TX	2010s	0	1	11	138032	11	138032
Mobile Home	TX	<1940	0	1	0	0	14	139366
Multi-Family with 2 - 4 Units	TX	1940-59	0.425913	0.574087	2	13932.7	45	274727
Multi-Family with 2 - 4 Units	TX	1960-79	0.421536	0.578464	15	162962	15	162962
Multi-Family with 2 - 4 Units	TX	1980-99	0.442697	0.557303	29	322985	29	322985
Multi-Family with 2 - 4 Units	TX	2000-09	0.597846	0.402154	10	103142	10	103142
Multi-Family with 2 - 4 Units	TX	2010s	0.560094	0.439906	3	27458.5	20	159410
Multi-Family with 2 - 4 Units	TX	<1940	0.425913	0.574087	1	8681.91	45	274727
Multi-Family with 5+ Units	TX	1940-59	0.456766	0.543234	3	12491	13	86387.1
Multi-Family with 5+ Units	TX	1960-79	0.518724	0.481276	28	439710	28	439710
Multi-Family with 5+ Units	TX	1980-99	0.572681	0.427319	41	646314	41	646314
Multi-Family with 5+ Units	TX	2000-09	0.290661	0.709339	24	341919	24	341919
Multi-Family with 5+ Units	TX	2010s	0.340228	0.659772	35	497142	35	497142
Multi-Family with 5+ Units	TX	<1940	0.599659	0.400341	3	32279.7	13	145537
Single-Family Attached	TX	1940-59	0.0727221	0.927278	10	29623.2	10	29623.2
Single-Family Attached	TX	1960-79	0	1	13	63554.2	13	63554.2
Single-Family Attached	TX	1980-99	0	1	12	50969	12	50969
Single-Family Attached	TX	2000-09	0.0559082	0.944092	12	50067.2	12	50067.2
Single-Family Attached	TX	2010s	0.0559082	0.944092	8	34597.6	13	46828.6
Single-Family Attached	TX	<1940	0.0620885	0.937912	6	20384	10	27220
Single-Family Detached	TX	1940-59	0	1	98	783752	98	783752
Single-Family Detached	TX	1960-79	0	1	156	1.541e+06	156	1.541e+06
Single-Family Detached	TX	1980-99	0	1	205	1.90593e+06	205	1.90593e+06
Single-Family Detached	TX	2000-09	0	1	146	1.23942e+06	146	1.23942e+06
Single-Family Detached	TX	2010s	0	1	114	967933	114	967933
Single-Family Detached	TX	<1940	0	1	41	343244	41	343244
Mobile Home	UT	1940-59	0	1	0	0	7	38257
Mobile Home	UT	1960-79	0	1	2	12005.5	31	93293.9
Mobile Home	UT	1980-99	0	1	3	12763	35	101826
Mobile Home	UT	2000-09	0	1	0	0	10	29197
Mobile Home	UT	2010s	0	1	0	0	15	44741
Mobile Home	UT	<1940	0	1	0	0	7	38257
Multi-Family with 2 - 4 Units	UT	1940-59	0.371776	0.628224	0	0	39	378787
Multi-Family with 2 - 4 Units	UT	1960-79	0.746195	0.253805	3	33781	16	118593
Multi-Family with 2 - 4 Units	UT	1980-99	0.355631	0.644369	1	13386.8	69	642382
Multi-Family with 2 - 4 Units	UT	2000-09	0.324073	0.675927	1	10969	26	194504
Multi-Family with 2 - 4 Units	UT	2010s	0.324073	0.675927	0	0	26	194504
Multi-Family with 2 - 4 Units	UT	<1940	0.371776	0.628224	0	0	39	378787
Multi-Family with 5+ Units	UT	1940-59	0.679583	0.320417	1	2532.03	72	866832
Multi-Family with 5+ Units	UT	1960-79	0.715192	0.284808	4	45859	34	229516
Multi-Family with 5+ Units	UT	1980-99	0.342393	0.657607	3	31006.6	32	213448
Multi-Family with 5+ Units	UT	2000-09	0.190349	0.809651	1	11106.2	13	91654.5
Multi-Family with 5+ Units	UT	2010s	0.537727	0.462273	4	44697.1	20	139381
Multi-Family with 5+ Units	UT	<1940	0.679583	0.320417	1	6543.36	72	866832
Single-Family Attached	UT	1940-59	0.100753	0.899247	2	8186.99	40	214020
Single-Family Attached	UT	1960-79	0	1	4	17942.9	20	51019.3
Single-Family Attached	UT	1980-99	0.0556523	0.944348	3	11915.9	27	77730.7
Single-Family Attached	UT	2000-09	0	1	5	23054.9	22	70519.2
Single-Family Attached	UT	2010s	0	1	5	20123.5	17	58971.6
Single-Family Attached	UT	<1940	0.100753	0.899247	1	2536.88	40	214020
Single-Family Detached	UT	1940-59	0	1	21	81103.8	21	81103.8
Single-Family Detached	UT	1960-79	0	1	25	117397	25	117397
Single-Family Detached	UT	1980-99	0	1	41	209680	41	209680
Single-Family Detached	UT	2000-09	0	1	37	169397	37	169397
Single-Family Detached	UT	2010s	0	1	22	105628	22	105628
Single-Family Detached	UT	<1940	0	1	13	48380.3	13	48380.3
Mobile Home	VA	1940-59	0	1	1	8009.26	14	139366
Mobile Home	VA	1960-79	0	1	8	70888.9	43	405173
Mobile Home	VA	1980-99	0	1	11	104848	11	104848
Mobile Home	VA	2000-09	0	1	3	22113	35	276329
Mobile Home	VA	2010s	0	1	4	31352.6	19	162496
Mobile Home	VA	<1940	0	1	0	0	14	139366
Multi-Family with 2 - 4 Units	VA	1940-59	0.341811	0.658189	4	18111.2	34	112680
Multi-Family with 2 - 4 Units	VA	1960-79	0.418511	0.581489	8	57677	48	367858
Multi-Family with 2 - 4 Units	VA	1980-99	0.312325	0.687675	6	42488.1	43	369647
Multi-Family with 2 - 4 Units	VA	2000-09	0.313703	0.686297	2	12208.8	19	142541
Multi-Family with 2 - 4 Units	VA	2010s	0.52869	0.47131	1	4839.53	12	91067
Multi-Family with 2 - 4 Units	VA	<1940	0.561139	0.438861	3	16871	23	84087.6
Multi-Family with 5+ Units	VA	1940-59	0.550315	0.449685	8	38085.2	72	213105
Multi-Family with 5+ Units	VA	1960-79	0.795617	0.204383	16	164444	16	164444
Multi-Family with 5+ Units	VA	1980-99	0.286085	0.713915	19	191556	19	191556
Multi-Family with 5+ Units	VA	2000-09	0.332209	0.667791	12	101431	12	101431
Multi-Family with 5+ Units	VA	2010s	0.374218	0.625782	4	38532.2	74	593143
Multi-Family with 5+ Units	VA	<1940	0.667289	0.332711	6	46291.2	45	129938
Single-Family Attached	VA	1940-59	0.0427483	0.957252	4	10889.5	86	128148
Single-Family Attached	VA	1960-79	0.0385126	0.961487	10	46897.3	10	46897.3
Single-Family Attached	VA	1980-99	0.0174159	0.982584	24	121214	24	121214
Single-Family Attached	VA	2000-09	0.0159756	0.984024	11	52582	11	52582
Single-Family Attached	VA	2010s	0.0159756	0.984024	4	18880.8	47	211047
Single-Family Attached	VA	<1940	0.0175074	0.982493	3	13809.5	69	146409
Single-Family Detached	VA	1940-59	0	1	66	340385	66	340385
Single-Family Detached	VA	1960-79	0	1	62	416788	62	416788
Single-Family Detached	VA	1980-99	0	1	99	687833	99	687833
Single-Family Detached	VA	2000-09	0	1	44	265833	44	265833
Single-Family Detached	VA	2010s	0	1	20	116178	20	116178
Single-Family Detached	VA	<1940	0	1	31	180977	31	180977
Mobile Home	VT	1940-59	0	1	2	2696.43	6	31900.9
Mobile Home	VT	1960-79	0	1	5	5661.76	18	51323.9
Mobile Home	VT	1980-99	0	1	9	10452.8	22	54872.2
Mobile Home	VT	2000-09	0	1	4	4685.77	10	24027.2
Mobile Home	VT	2010s	0	1	0	0	12	28266.3
Mobile Home	VT	<1940	0	1	0	0	6	31900.9
Multi-Family with 2 - 4 Units	VT	1940-59	0.824332	0.175668	13	7275.53	13	7275.53
Multi-Family with 2 - 4 Units	VT	1960-79	0.601268	0.398732	5	7692.58	43	261620
Multi-Family with 2 - 4 Units	VT	1980-99	0.673592	0.326408	1	1608.31	17	104052
Multi-Family with 2 - 4 Units	VT	2000-09	0.3877	0.6123	2	3854.09	10	53709.2
Multi-Family with 2 - 4 Units	VT	2010s	0.3877	0.6123	0	0	10	53709.2
Multi-Family with 2 - 4 Units	VT	<1940	0.766005	0.233995	12	14115.1	12	14115.1
Multi-Family with 5+ Units	VT	1940-59	0.801367	0.198633	6	5390.23	62	139659
Multi-Family with 5+ Units	VT	1960-79	0.695859	0.304141	6	7609.56	60	314005
Multi-Family with 5+ Units	VT	1980-99	0.706309	0.293691	5	6993.65	53	260274
Multi-Family with 5+ Units	VT	2000-09	0.488928	0.511072	2	3080.88	17	86259.6
Multi-Family with 5+ Units	VT	2010s	0.714109	0.285891	4	4215.65	25	95047.9
Multi-Family with 5+ Units	VT	<1940	0.781155	0.218845	4	4062.59	51	208433
Single-Family Attached	VT	1940-59	0.168737	0.831263	4	1413.08	37	37860.8
Single-Family Attached	VT	1960-79	0.183034	0.816966	3	1541.86	19	35310.8
Single-Family Attached	VT	1980-99	0.0810969	0.918903	6	3483.92	56	113696
Single-Family Attached	VT	2000-09	0.183765	0.816235	3	1740.59	23	43234.7
Single-Family Attached	VT	2010s	0.183765	0.816235	0	0	13	22801.4
Single-Family Attached	VT	<1940	0.177492	0.822508	3	1418.13	29	47099.4
Single-Family Detached	VT	1940-59	0	1	55	26536.6	55	26536.6
Single-Family Detached	VT	1960-79	0	1	40	35517.6	40	35517.6
Single-Family Detached	VT	1980-99	0	1	46	44891.8	46	44891.8
Single-Family Detached	VT	2000-09	0	1	15	14510.2	15	14510.2
Single-Family Detached	VT	2010s	0	1	9	6083.95	67	134674
Single-Family Detached	VT	<1940	0	1	42	32291.4	42	32291.4
Mobile Home	WA	1940-59	0	1	2	12791.8	7	38257
Mobile Home	WA	1960-79	0	1	10	80849.8	10	80849.8
Mobile Home	WA	1980-99	0	1	10	65870.9	10	65870.9
Mobile Home	WA	2000-09	0	1	4	24957.8	10	67547
Mobile Home	WA	2010s	0	1	2	10533.2	13	86766.8
Mobile Home	WA	<1940	0	1	0	0	7	38257
Multi-Family with 2 - 4 Units	WA	1940-59	0.50198	0.49802	3	7721.53	23	175889
Multi-Family with 2 - 4 Units	WA	1960-79	0.449359	0.550641	3	29461.5	32	458148
Multi-Family with 2 - 4 Units	WA	1980-99	0.387713	0.612287	9	94052.3	30	436621
Multi-Family with 2 - 4 Units	WA	2000-09	0.238482	0.761518	2	20571.3	13	111284
Multi-Family with 2 - 4 Units	WA	2010s	0.238482	0.761518	0	0	13	111284
Multi-Family with 2 - 4 Units	WA	<1940	0.153701	0.846299	3	19954.2	14	129825
Multi-Family with 5+ Units	WA	1940-59	0.673247	0.326753	7	20776	52	385174
Multi-Family with 5+ Units	WA	1960-79	0.527655	0.472345	18	184626	18	184626
Multi-Family with 5+ Units	WA	1980-99	0.380786	0.619214	14	126125	14	126125
Multi-Family with 5+ Units	WA	2000-09	0.545305	0.454695	17	126114	17	126114
Multi-Family with 5+ Units	WA	2010s	0.524241	0.475759	23	179474	23	179474
Multi-Family with 5+ Units	WA	<1940	0.724551	0.275449	7	53689.8	36	378024
Single-Family Attached	WA	1940-59	0.11089	0.88911	0	0	20	82946
Single-Family Attached	WA	1960-79	0.0891522	0.910848	5	25534.9	60	397268
Single-Family Attached	WA	1980-99	0.0188239	0.981176	5	20749.4	60	403617
Single-Family Attached	WA	2000-09	0	1	5	21971.4	23	114354
Single-Family Attached	WA	2010s	0	1	4	12544.8	12	56772.7
Single-Family Attached	WA	<1940	0.100651	0.899349	0	0	12	69888.1
Single-Family Detached	WA	1940-59	0	1	83	281337	83	281337
Single-Family Detached	WA	1960-79	0	1	71	429380	71	429380
Single-Family Detached	WA	1980-99	0	1	70	433240	70	433240
Single-Family Detached	WA	2000-09	0	1	39	211666	39	211666
Single-Family Detached	WA	2010s	0	1	33	161155	33	161155
Single-Family Detached	WA	<1940	0	1	55	283885	55	283885
Mobile Home	WI	1940-59	0	1	0	0	4	48874.3
Mobile Home	WI	1960-79	0	1	3	19106.6	16	146938
Mobile Home	WI	1980-99	0	1	5	35563.1	25	275302
Mobile Home	WI	2000-09	0	1	1	5794.7	20	166499
Mobile Home	WI	2010s	0	1	0	0	11	88611.7
Mobile Home	WI	<1940	0	1	0	0	4	48874.3
Multi-Family with 2 - 4 Units	WI	1940-59	0.487742	0.512258	6	18907.1	41	290832
Multi-Family with 2 - 4 Units	WI	1960-79	0.399147	0.600853	2	19468	22	337480
Multi-Family with 2 - 4 Units	WI	1980-99	0.357342	0.642658	3	36490.5	19	312752
Multi-Family with 2 - 4 Units	WI	2000-09	0.371913	0.628087	3	32066.2	12	164972
Multi-Family with 2 - 4 Units	WI	2010s	0.371913	0.628087	0	0	12	164972
Multi-Family with 2 - 4 Units	WI	<1940	0.390813	0.609187	6	48860.4	33	379684
Multi-Family with 5+ Units	WI	1940-59	0.66349	0.33651	4	22428	41	282805
Multi-Family with 5+ Units	WI	1960-79	0.631931	0.368069	14	117226	14	117226
Multi-Family with 5+ Units	WI	1980-99	0.521534	0.478466	16	167699	16	167699
Multi-Family with 5+ Units	WI	2000-09	0.541754	0.458246	6	47858.1	37	408042
Multi-Family with 5+ Units	WI	2010s	0.646156	0.353844	9	62314.7	26	236132
Multi-Family with 5+ Units	WI	<1940	0.615892	0.384108	2	13668.6	29	332329
Single-Family Attached	WI	1940-59	0.00958945	0.990411	6	11493.1	22	66150.7
Single-Family Attached	WI	1960-79	0	1	11	34475.4	11	34475.4
Single-Family Attached	WI	1980-99	0	1	8	28484.1	67	338529
Single-Family Attached	WI	2000-09	0	1	6	17364.9	48	184708
Single-Family Attached	WI	2010s	0	1	1	2697.66	14	56120.7
Single-Family Attached	WI	<1940	0.0328217	0.967178	4	11179.5	12	49945.7
Single-Family Detached	WI	1940-59	0	1	104	404635	104	404635
Single-Family Detached	WI	1960-79	0	1	71	421036	71	421036
Single-Family Detached	WI	1980-99	0	1	39	282754	39	282754
Single-Family Detached	WI	2000-09	0	1	28	153124	28	153124
Single-Family Detached	WI	2010s	0	1	11	53275.9	11	53275.9
Single-Family Detached	WI	<1940	0	1	63	320906	63	320906
Mobile Home	WV	1940-59	0	1	0	0	14	139366
Mobile Home	WV	1960-79	0	1	6	25320.7	43	405173
Mobile Home	WV	1980-99	0	1	14	57627.8	14	57627.8
Mobile Home	WV	2000-09	0	1	6	25585.3	35	276329
Mobile Home	WV	2010s	0	1	2	6973.83	19	162496
Mobile Home	WV	<1940	0	1	0	0	14	139366
Multi-Family with 2 - 4 Units	WV	1940-59	0.341811	0.658189	2	4801.22	34	112680
Multi-Family with 2 - 4 Units	WV	1960-79	0.418511	0.581489	4	12010.5	48	367858
Multi-Family with 2 - 4 Units	WV	1980-99	0.312325	0.687675	2	6051.2	43	369647
Multi-Family with 2 - 4 Units	WV	2000-09	0.313703	0.686297	1	2378.96	19	142541
Multi-Family with 2 - 4 Units	WV	2010s	0.52869	0.47131	0	0	12	91067
Multi-Family with 2 - 4 Units	WV	<1940	0.561139	0.438861	1	2672.55	23	84087.6
Multi-Family with 5+ Units	WV	1940-59	0.550315	0.449685	1	5582.7	72	213105
Multi-Family with 5+ Units	WV	1960-79	0.43835	0.56165	3	17037.1	118	1.27333e+06
Multi-Family with 5+ Units	WV	1980-99	0.295046	0.704954	3	12889.7	127	1.44448e+06
Multi-Family with 5+ Units	WV	2000-09	0.41465	0.58535	1	3880.25	91	852085
Multi-Family with 5+ Units	WV	2010s	0.374218	0.625782	1	3150.21	74	593143
Multi-Family with 5+ Units	WV	<1940	0.667289	0.332711	0	0	45	129938
Single-Family Attached	WV	1940-59	0.0427483	0.957252	3	4476.89	86	128148
Single-Family Attached	WV	1960-79	0.0385126	0.961487	3	9218.95	64	343202
Single-Family Attached	WV	1980-99	0.0174159	0.982584	2	4424.84	109	618810
Single-Family Attached	WV	2000-09	0.0159756	0.984024	3	7103.89	87	475896
Single-Family Attached	WV	2010s	0.0159756	0.984024	3	5813.1	47	211047
Single-Family Attached	WV	<1940	0.0175074	0.982493	2	4165.84	69	146409
Single-Family Detached	WV	1940-59	0	1	49	110596	49	110596
Single-Family Detached	WV	1960-79	0	1	37	124676	37	124676
Single-Family Detached	WV	1980-99	0	1	26	91912	26	91912
Single-Family Detached	WV	2000-09	0	1	16	47162.2	16	47162.2
Single-Family Detached	WV	2010s	0	1	9	25451.5	224	1.46583e+06
Single-Family Detached	WV	<1940	0	1	27	75198.3	27	75198.3
Mobile Home	WY	1940-59	0	1	1	2295.3	7	38257
Mobile Home	WY	1960-79	0	1	8	9248.61	31	93293.9
Mobile Home	WY	1980-99	0	1	6	5536.66	35	101826
Mobile Home	WY	2000-09	0	1	3	3261.18	10	29197
Mobile Home	WY	2010s	0	1	0	0	15	44741
Mobile Home	WY	<1940	0	1	0	0	7	38257
Multi-Family with 2 - 4 Units	WY	1940-59	0.371776	0.628224	1	1842.38	39	378787
Multi-Family with 2 - 4 Units	WY	1960-79	0.746195	0.253805	1	1564.97	16	118593
Multi-Family with 2 - 4 Units	WY	1980-99	0.355631	0.644369	1	1540.04	69	642382
Multi-Family with 2 - 4 Units	WY	2000-09	0.324073	0.675927	1	1538.05	26	194504
Multi-Family with 2 - 4 Units	WY	2010s	0.324073	0.675927	0	0	26	194504
Multi-Family with 2 - 4 Units	WY	<1940	0.371776	0.628224	0	0	39	378787
Multi-Family with 5+ Units	WY	1940-59	0.679583	0.320417	2	1164.49	72	866832
Multi-Family with 5+ Units	WY	1960-79	0.715192	0.284808	6	13252	34	229516
Multi-Family with 5+ Units	WY	1980-99	0.342393	0.657607	4	7812.99	32	213448
Multi-Family with 5+ Units	WY	2000-09	0.190349	0.809651	2	3942.3	13	91654.5
Multi-Family with 5+ Units	WY	2010s	0.537727	0.462273	1	1912.96	20	139381
Multi-Family with 5+ Units	WY	<1940	0.679583	0.320417	2	3009.32	72	866832
Single-Family Attached	WY	1940-59	0.100753	0.899247	1	210.676	40	214020
Single-Family Attached	WY	1960-79	0	1	5	4583.23	20	51019.3
Single-Family Attached	WY	1980-99	0.0556523	0.944348	5	3766.98	27	77730.7
Single-Family Attached	WY	2000-09	0	1	3	2707.81	22	70519.2
Single-Family Attached	WY	2010s	0	1	1	779.01	17	58971.6
Single-Family Attached	WY	<1940	0.100753	0.899247	1	544.434	40	214020
Single-Family Detached	WY	1940-59	0	1	42	33614.4	42	33614.4
Single-Family Detached	WY	1960-79	0	1	48	49486	48	49486
Single-Family Detached	WY	1980-99	0	1	27	28109.3	27	28109.3
Single-Family Detached	WY	2000-09	0	1	11	11014.4	11	11014.4
Single-Family Detached	WY	2010s	0	1	10	10423.3	10	10423.3
Single-Family Detached	WY	<1940	0	1	26	22985.2	26	22985.2
# Created by: sources\recs\recs2020\tsv_maker.py
# Description: Individual water heater present or not present in the dwelling unit that solely serves the specific dwelling unit.
# Source: Constructed using U.S. EIA 2020 Residential Energy Consumption Survey (RECS) microdata.
# Assumption: Single-Family Detached and Mobile Homes have in unit water heaters.
# Assumption: As Not Applicable option for Single-Family Attached option is 100%
# Assumption: Assuming Single-Family Attached in-unit water heater distribution from RECS 2009
# Assumption: Due to low sample sizes, fallback rules applied with lumping of:
# Assumption: [1] State: Census Division RECS
# Assumption: [2] Vintage ACS: Combining Vintage pre 1960s and post 2000
# Assumption: [3] State: Census Region